timestamp,schema_version,ticker,catalyst_type,event_date,score,rules_fired,score_components,trailing_baseline_pct,outcome,realized_move_pct,abs_move_pct,move_ratio,resolved_at,note
2026-05-27T10:53:13+00:00,1,CRM,earnings,2026-05-27,3.50,vol_compression_3q|vol_compression_severe|has_history|has_deep_history|insider_silent,"{""has_deep_history"": 0.5, ""has_history"": 0.5, ""insider_silent"": -0.5, ""vol_compression_3q"": 1.5, ""vol_compression_severe"": 1.5}",1.0583,MISS,-0.8767,0.8767,0.83,2026-05-28T22:31:25+00:00,"MISS: scored 3.5, realized -0.88% (baseline 1.06%, ratio 0.83x)"
2026-05-27T10:53:13+00:00,1,MRVL,earnings,2026-05-27,0.50,has_history|has_deep_history|insider_silent,"{""has_deep_history"": 0.5, ""has_history"": 0.5, ""insider_silent"": -0.5}",1.7287,HIT,-4.5904,4.5904,2.66,2026-05-28T22:31:25+00:00,"HIT: scored 0.5, realized -4.59% (baseline 1.73%, ratio 2.66x)"
2026-05-27T10:53:13+00:00,1,SNOW,earnings,2026-05-27,0.50,has_history|has_deep_history|insider_silent,"{""has_deep_history"": 0.5, ""has_history"": 0.5, ""insider_silent"": -0.5}",1.4670,MISS,-1.3176,1.3176,0.90,2026-05-28T22:31:25+00:00,"MISS: scored 0.5, realized -1.32% (baseline 1.47%, ratio 0.90x)"
2026-05-27T10:53:13+00:00,1,SNPS,earnings,2026-05-27,2.00,vol_saturation_3q|vol_saturation_extreme|has_history|has_deep_history|insider_silent,"{""has_deep_history"": 0.5, ""has_history"": 0.5, ""insider_silent"": -0.5, ""vol_saturation_3q"": 1.0, ""vol_saturation_extreme"": 0.5}",1.4895,HIT,-1.6163,1.6163,1.09,2026-05-28T22:31:25+00:00,"HIT: scored 2.0, realized -1.62% (baseline 1.49%, ratio 1.09x)"
2026-05-27T10:53:13+00:00,1,COST,earnings,2026-05-28,0.50,has_history|has_deep_history|insider_silent,"{""has_deep_history"": 0.5, ""has_history"": 0.5, ""insider_silent"": -0.5}",1.0534,MISS,-0.8459,0.8459,0.80,2026-05-29T22:27:12+00:00,"MISS: scored 0.5, realized -0.85% (baseline 1.05%, ratio 0.80x)"
2026-05-27T10:53:13+00:00,1,DELL,earnings,2026-05-28,0.50,has_history|has_deep_history|insider_silent,"{""has_deep_history"": 0.5, ""has_history"": 0.5, ""insider_silent"": -0.5}",1.2956,HIT,3.8419,3.8419,2.97,2026-05-29T22:27:12+00:00,"HIT: scored 0.5, realized +3.84% (baseline 1.30%, ratio 2.97x)"
2026-05-27T10:53:13+00:00,1,DLTR,earnings,2026-05-28,1.50,has_history|has_deep_history|high_vol_baseline|insider_silent,"{""has_deep_history"": 0.5, ""has_history"": 0.5, ""high_vol_baseline"": 1.0, ""insider_silent"": -0.5}",6.6479,HIT,17.8679,17.8679,2.69,2026-05-29T22:27:12+00:00,"HIT: scored 1.5, realized +17.87% (baseline 6.65%, ratio 2.69x)"
2026-05-27T10:53:13+00:00,1,ESTC,earnings,2026-05-28,0.50,has_history|has_deep_history|insider_silent,"{""has_deep_history"": 0.5, ""has_history"": 0.5, ""insider_silent"": -0.5}",2.0036,HIT,6.8831,6.8831,3.44,2026-05-29T22:27:12+00:00,"HIT: scored 0.5, realized +6.88% (baseline 2.00%, ratio 3.44x)"
2026-05-27T10:53:14+00:00,1,MDB,earnings,2026-05-28,0.50,has_history|has_deep_history|insider_silent,"{""has_deep_history"": 0.5, ""has_history"": 0.5, ""insider_silent"": -0.5}",2.8020,HIT,10.6025,10.6025,3.78,2026-05-29T22:27:12+00:00,"HIT: scored 0.5, realized +10.60% (baseline 2.80%, ratio 3.78x)"
2026-05-27T10:53:14+00:00,1,NTAP,earnings,2026-05-28,1.50,vol_saturation_3q|has_history|has_deep_history|insider_silent,"{""has_deep_history"": 0.5, ""has_history"": 0.5, ""insider_silent"": -0.5, ""vol_saturation_3q"": 1.0}",0.8800,MISS,-0.2382,0.2382,0.27,2026-05-29T22:27:12+00:00,"MISS: scored 1.5, realized -0.24% (baseline 0.88%, ratio 0.27x)"
2026-05-27T10:53:14+00:00,1,OKTA,earnings,2026-05-28,0.50,has_history|has_deep_history|insider_silent,"{""has_deep_history"": 0.5, ""has_history"": 0.5, ""insider_silent"": -0.5}",1.2512,HIT,5.8324,5.8324,4.66,2026-05-29T22:27:12+00:00,"HIT: scored 0.5, realized +5.83% (baseline 1.25%, ratio 4.66x)"
2026-05-27T10:53:14+00:00,1,PATH,earnings,2026-05-28,2.50,vol_compression_3q|vol_saturation_extreme|has_history|has_deep_history|insider_silent,"{""has_deep_history"": 0.5, ""has_history"": 0.5, ""insider_silent"": -0.5, ""vol_compression_3q"": 1.5, ""vol_saturation_extreme"": 0.5}",0.6601,HIT,3.7634,3.7634,5.70,2026-05-29T22:27:12+00:00,"HIT: scored 2.5, realized +3.76% (baseline 0.66%, ratio 5.70x)"
2026-05-27T10:53:14+00:00,1,S,earnings,2026-05-28,0.50,has_history|has_deep_history|insider_silent,"{""has_deep_history"": 0.5, ""has_history"": 0.5, ""insider_silent"": -0.5}",2.0959,MISS,0.3900,0.3900,0.19,2026-05-29T22:27:12+00:00,"MISS: scored 0.5, realized +0.39% (baseline 2.10%, ratio 0.19x)"
2026-05-27T10:53:14+00:00,1,HPE,earnings,2026-06-01,0.50,has_history|has_deep_history|insider_silent,"{""has_deep_history"": 0.5, ""has_history"": 0.5, ""insider_silent"": -0.5}",1.7357,HIT,9.2007,9.2007,5.30,2026-06-02T22:59:36+00:00,"HIT: scored 0.5, realized +9.20% (baseline 1.74%, ratio 5.30x)"
2026-05-27T10:53:14+00:00,1,DG,earnings,2026-06-02,1.50,has_history|has_deep_history|high_vol_baseline|insider_silent,"{""has_deep_history"": 0.5, ""has_history"": 0.5, ""high_vol_baseline"": 1.0, ""insider_silent"": -0.5}",7.4778,MISS,-3.3294,3.3294,0.45,2026-06-03T23:03:04+00:00,"MISS: scored 1.5, realized -3.33% (baseline 7.48%, ratio 0.45x)"
2026-05-27T10:53:14+00:00,1,GTLB,earnings,2026-06-02,0.50,has_history|has_deep_history|insider_silent,"{""has_deep_history"": 0.5, ""has_history"": 0.5, ""insider_silent"": -0.5}",1.2295,HIT,-5.8301,5.8301,4.74,2026-06-03T23:03:04+00:00,"HIT: scored 0.5, realized -5.83% (baseline 1.23%, ratio 4.74x)"
2026-05-27T10:53:14+00:00,1,PANW,earnings,2026-06-02,0.50,has_history|has_deep_history|insider_silent,"{""has_deep_history"": 0.5, ""has_history"": 0.5, ""insider_silent"": -0.5}",1.5536,MISS,-1.0982,1.0982,0.71,2026-06-03T23:03:04+00:00,"MISS: scored 0.5, realized -1.10% (baseline 1.55%, ratio 0.71x)"
2026-05-27T10:53:14+00:00,1,AVGO,earnings,2026-06-03,2.00,vol_compression_3q|has_history|has_deep_history|insider_silent,"{""has_deep_history"": 0.5, ""has_history"": 0.5, ""insider_silent"": -0.5, ""vol_compression_3q"": 1.5}",2.2102,MISS,-0.4859,0.4859,0.22,2026-06-04T22:20:00+00:00,"MISS: scored 2.0, realized -0.49% (baseline 2.21%, ratio 0.22x)"
2026-05-27T10:53:14+00:00,1,CRWD,earnings,2026-06-03,0.50,has_history|has_deep_history|insider_silent,"{""has_deep_history"": 0.5, ""has_history"": 0.5, ""insider_silent"": -0.5}",1.8159,HIT,-2.7752,2.7752,1.53,2026-06-04T22:20:00+00:00,"HIT: scored 0.5, realized -2.78% (baseline 1.82%, ratio 1.53x)"
2026-05-27T10:53:14+00:00,1,LULU,earnings,2026-06-03,0.50,has_history|has_deep_history|insider_silent,"{""has_deep_history"": 0.5, ""has_history"": 0.5, ""insider_silent"": -0.5}",0.9877,MISS,-0.3479,0.3479,0.35,2026-06-04T22:20:00+00:00,"MISS: scored 0.5, realized -0.35% (baseline 0.99%, ratio 0.35x)"
2026-05-27T10:53:14+00:00,1,MDT,earnings,2026-06-03,0.50,has_history|has_deep_history|insider_silent,"{""has_deep_history"": 0.5, ""has_history"": 0.5, ""insider_silent"": -0.5}",3.7359,HIT,5.6949,5.6949,1.52,2026-06-04T22:20:00+00:00,"HIT: scored 0.5, realized +5.69% (baseline 3.74%, ratio 1.52x)"
2026-05-27T10:53:14+00:00,1,RH,earnings,2026-06-10,0.50,has_history|has_deep_history|insider_silent,"{""has_deep_history"": 0.5, ""has_history"": 0.5, ""insider_silent"": -0.5}",3.3572,MISS,-0.9328,0.9328,0.28,2026-06-11T22:50:50+00:00,"MISS: scored 0.5, realized -0.93% (baseline 3.36%, ratio 0.28x)"
2026-05-27T10:53:14+00:00,1,ADBE,earnings,2026-06-11,1.50,vol_saturation_3q|has_history|has_deep_history|insider_silent,"{""has_deep_history"": 0.5, ""has_history"": 0.5, ""insider_silent"": -0.5, ""vol_saturation_3q"": 1.0}",0.5335,HIT,-6.2473,6.2473,11.71,2026-06-12T22:23:08+00:00,"HIT: scored 1.5, realized -6.25% (baseline 0.53%, ratio 11.71x)"
2026-05-27T10:53:14+00:00,1,ORCL,earnings,2026-06-16,0.50,has_history|has_deep_history|insider_silent,"{""has_deep_history"": 0.5, ""has_history"": 0.5, ""insider_silent"": -0.5}",0.9924,HIT,-2.2373,2.2373,2.25,2026-06-17T22:45:28+00:00,"HIT: scored 0.5, realized -2.24% (baseline 0.99%, ratio 2.25x)"
2026-05-27T10:53:14+00:00,1,ACN,earnings,2026-06-18,1.50,has_history|has_deep_history|high_vol_baseline|insider_silent,"{""has_deep_history"": 0.5, ""has_history"": 0.5, ""high_vol_baseline"": 1.0, ""insider_silent"": -0.5}",6.9600,HIT,-17.9668,17.9668,2.58,2026-06-19T22:02:24+00:00,"HIT: scored 1.5, realized -17.97% (baseline 6.96%, ratio 2.58x)"
2026-05-27T10:53:14+00:00,1,KR,earnings,2026-06-18,0.50,has_history|has_deep_history|insider_silent,"{""has_deep_history"": 0.5, ""has_history"": 0.5, ""insider_silent"": -0.5}",3.1837,HIT,-8.4277,8.4277,2.65,2026-06-19T22:02:24+00:00,"HIT: scored 0.5, realized -8.43% (baseline 3.18%, ratio 2.65x)"
2026-05-27T10:53:14+00:00,1,FDX,earnings,2026-06-23,2.00,vol_compression_3q|has_history|has_deep_history|insider_silent,"{""has_deep_history"": 0.5, ""has_history"": 0.5, ""insider_silent"": -0.5, ""vol_compression_3q"": 1.5}",0.5246,HIT,-3.5099,3.5099,6.69,2026-06-24T22:13:18+00:00,"HIT: scored 2.0, realized -3.51% (baseline 0.52%, ratio 6.69x)"
2026-05-27T10:53:14+00:00,1,GIS,earnings,2026-06-23,0.50,has_history|has_deep_history|insider_silent,"{""has_deep_history"": 0.5, ""has_history"": 0.5, ""insider_silent"": -0.5}",2.5577,HIT,3.2693,3.2693,1.28,2026-06-24T22:13:18+00:00,"HIT: scored 0.5, realized +3.27% (baseline 2.56%, ratio 1.28x)"
2026-05-27T10:53:14+00:00,1,MU,earnings,2026-06-23,2.00,vol_compression_3q|has_history|has_deep_history|insider_silent,"{""has_deep_history"": 0.5, ""has_history"": 0.5, ""insider_silent"": -0.5, ""vol_compression_3q"": 1.5}",1.4020,HIT,-13.1759,13.1759,9.40,2026-06-24T22:13:18+00:00,"HIT: scored 2.0, realized -13.18% (baseline 1.40%, ratio 9.40x)"
2026-05-27T10:53:14+00:00,1,NKE,earnings,2026-06-24,2.00,vol_saturation_3q|vol_saturation_extreme|has_history|has_deep_history|insider_silent,"{""has_deep_history"": 0.5, ""has_history"": 0.5, ""insider_silent"": -0.5, ""vol_saturation_3q"": 1.0, ""vol_saturation_extreme"": 0.5}",0.6872,HIT,-1.3214,1.3214,1.92,2026-06-25T22:19:59+00:00,"HIT: scored 2.0, realized -1.32% (baseline 0.69%, ratio 1.92x)"
2026-06-04T16:25:11+00:00,1,ORCL,earnings,2026-06-10,0.50,has_history|has_deep_history|insider_silent,"{""has_deep_history"": 0.5, ""has_history"": 0.5, ""insider_silent"": -0.5}",0.9924,HIT,-2.2108,2.2108,2.23,2026-06-11T22:50:50+00:00,"HIT: scored 0.5, realized -2.21% (baseline 0.99%, ratio 2.23x)"
2026-06-10T16:40:43+00:00,1,MU,earnings,2026-06-24,3.50,vol_compression_3q|vol_compression_severe|has_history|has_deep_history|insider_silent,"{""has_deep_history"": 0.5, ""has_history"": 0.5, ""insider_silent"": -0.5, ""vol_compression_3q"": 1.5, ""vol_compression_severe"": 1.5}",1.4020,MISS,-0.3100,0.3100,0.22,2026-06-25T22:19:59+00:00,"MISS: scored 3.5, realized -0.31% (baseline 1.40%, ratio 0.22x)"
2026-06-15T18:01:13+00:00,1,STZ,earnings,2026-06-29,0.50,has_history|has_deep_history|insider_silent,"{""has_deep_history"": 0.5, ""has_history"": 0.5, ""insider_silent"": -0.5}",3.2649,HIT,-4.5386,4.5386,1.39,2026-06-30T22:15:05+00:00,"HIT: scored 0.5, realized -4.54% (baseline 3.26%, ratio 1.39x)"
2026-06-16T18:08:53+00:00,1,STZ,earnings,2026-06-30,0.50,has_history|has_deep_history|insider_silent,"{""has_deep_history"": 0.5, ""has_history"": 0.5, ""insider_silent"": -0.5}",3.2649,MISS,-0.4081,0.4081,0.13,2026-07-01T22:17:54+00:00,"MISS: scored 0.5, realized -0.41% (baseline 3.26%, ratio 0.13x)"
2026-06-25T15:44:47+00:00,1,PEP,earnings,2026-07-09,3.50,vol_compression_3q|vol_compression_severe|has_history|has_deep_history|insider_silent,"{""has_deep_history"": 0.5, ""has_history"": 0.5, ""insider_silent"": -0.5, ""vol_compression_3q"": 1.5, ""vol_compression_severe"": 1.5}",2.6749,HIT,-3.2629,3.2629,1.22,2026-07-10T21:57:55+00:00,"HIT: scored 3.5, realized -3.26% (baseline 2.67%, ratio 1.22x)"
2026-06-26T15:29:04+00:00,1,UNH,earnings,2026-07-10,1.50,has_history|has_deep_history|high_vol_baseline|insider_silent,"{""has_deep_history"": 0.5, ""has_history"": 0.5, ""high_vol_baseline"": 1.0, ""insider_silent"": -0.5}",6.2708,MISS,-1.6355,1.6355,0.26,2026-07-13T21:52:24+00:00,"MISS: scored 1.5, realized -1.64% (baseline 6.27%, ratio 0.26x)"
2026-06-29T16:42:12+00:00,1,FAST,earnings,2026-07-13,1.50,has_history|has_deep_history|high_vol_baseline|insider_silent,"{""has_deep_history"": 0.5, ""has_history"": 0.5, ""high_vol_baseline"": 1.0, ""insider_silent"": -0.5}",6.4509,MISS,1.2046,1.2046,0.19,2026-07-14T21:54:38+00:00,"MISS: scored 1.5, realized +1.20% (baseline 6.45%, ratio 0.19x)"
2026-06-29T16:42:12+00:00,1,JBHT,earnings,2026-07-13,0.50,has_history|has_deep_history|insider_silent,"{""has_deep_history"": 0.5, ""has_history"": 0.5, ""insider_silent"": -0.5}",1.5531,MISS,1.0859,1.0859,0.70,2026-07-14T21:54:38+00:00,"MISS: scored 0.5, realized +1.09% (baseline 1.55%, ratio 0.70x)"
2026-06-30T15:34:41+00:00,1,JNJ,earnings,2026-07-14,2.00,vol_compression_3q|has_history|has_deep_history|insider_silent,"{""has_deep_history"": 0.5, ""has_history"": 0.5, ""insider_silent"": -0.5, ""vol_compression_3q"": 1.5}",1.7906,MISS,-1.5207,1.5207,0.85,2026-07-15T21:55:40+00:00,"MISS: scored 2.0, realized -1.52% (baseline 1.79%, ratio 0.85x)"
2026-07-01T15:48:45+00:00,1,ABT,earnings,2026-07-15,1.50,vol_saturation_3q|has_history|has_deep_history|insider_silent,"{""has_deep_history"": 0.5, ""has_history"": 0.5, ""insider_silent"": -0.5, ""vol_saturation_3q"": 1.0}",2.9321,MISS,1.0642,1.0642,0.36,2026-07-16T22:01:42+00:00,"MISS: scored 1.5, realized +1.06% (baseline 2.93%, ratio 0.36x)"
2026-07-01T15:48:45+00:00,1,ELV,earnings,2026-07-15,3.50,vol_compression_3q|vol_compression_severe|has_history|has_deep_history|insider_silent,"{""has_deep_history"": 0.5, ""has_history"": 0.5, ""insider_silent"": -0.5, ""vol_compression_3q"": 1.5, ""vol_compression_severe"": 1.5}",2.9537,HIT,-8.5428,8.5428,2.89,2026-07-16T22:01:42+00:00,"HIT: scored 3.5, realized -8.54% (baseline 2.95%, ratio 2.89x)"
2026-07-01T15:48:45+00:00,1,GE,earnings,2026-07-15,1.50,has_history|has_deep_history|high_vol_baseline|insider_silent,"{""has_deep_history"": 0.5, ""has_history"": 0.5, ""high_vol_baseline"": 1.0, ""insider_silent"": -0.5}",6.3815,MISS,1.8715,1.8715,0.29,2026-07-16T22:01:42+00:00,"MISS: scored 1.5, realized +1.87% (baseline 6.38%, ratio 0.29x)"
2026-07-01T15:48:45+00:00,1,JNJ,earnings,2026-07-15,2.00,vol_compression_3q|has_history|has_deep_history|insider_silent,"{""has_deep_history"": 0.5, ""has_history"": 0.5, ""insider_silent"": -0.5, ""vol_compression_3q"": 1.5}",1.7906,HIT,-2.6906,2.6906,1.50,2026-07-16T22:01:42+00:00,"HIT: scored 2.0, realized -2.69% (baseline 1.79%, ratio 1.50x)"
2026-07-01T15:48:45+00:00,1,PEP,earnings,2026-07-15,3.50,vol_compression_3q|vol_compression_severe|has_history|has_deep_history|insider_silent,"{""has_deep_history"": 0.5, ""has_history"": 0.5, ""insider_silent"": -0.5, ""vol_compression_3q"": 1.5, ""vol_compression_severe"": 1.5}",2.6749,MISS,-0.0369,0.0369,0.01,2026-07-16T22:01:42+00:00,"MISS: scored 3.5, realized -0.04% (baseline 2.67%, ratio 0.01x)"
2026-07-01T15:48:45+00:00,1,SNA,earnings,2026-07-15,4.50,vol_compression_3q|vol_compression_severe|has_history|has_deep_history|high_vol_baseline|insider_silent,"{""has_deep_history"": 0.5, ""has_history"": 0.5, ""high_vol_baseline"": 1.0, ""insider_silent"": -0.5, ""vol_compression_3q"": 1.5, ""vol_compression_severe"": 1.5}",7.4987,MISS,-0.2274,0.2274,0.03,2026-07-16T22:01:42+00:00,"MISS: scored 4.5, realized -0.23% (baseline 7.50%, ratio 0.03x)"
2026-07-02T15:22:54+00:00,1,BIIB,earnings,2026-07-16,0.50,has_history|has_deep_history|insider_silent,"{""has_deep_history"": 0.5, ""has_history"": 0.5, ""insider_silent"": -0.5}",3.5476,HIT,5.9217,5.9217,1.67,2026-07-17T21:47:48+00:00,"HIT: scored 0.5, realized +5.92% (baseline 3.55%, ratio 1.67x)"
2026-07-02T15:22:54+00:00,1,GE,earnings,2026-07-16,1.50,has_history|has_deep_history|high_vol_baseline|insider_silent,"{""has_deep_history"": 0.5, ""has_history"": 0.5, ""high_vol_baseline"": 1.0, ""insider_silent"": -0.5}",6.3815,MISS,-4.0572,4.0572,0.64,2026-07-17T21:47:48+00:00,"MISS: scored 1.5, realized -4.06% (baseline 6.38%, ratio 0.64x)"
2026-07-02T15:22:54+00:00,1,HRI,earnings,2026-07-16,1.50,has_history|has_deep_history|high_vol_baseline|insider_silent,"{""has_deep_history"": 0.5, ""has_history"": 0.5, ""high_vol_baseline"": 1.0, ""insider_silent"": -0.5}",6.1388,MISS,2.8199,2.8199,0.46,2026-07-17T21:47:48+00:00,"MISS: scored 1.5, realized +2.82% (baseline 6.14%, ratio 0.46x)"
2026-07-02T15:22:54+00:00,1,ISRG,earnings,2026-07-16,2.00,vol_saturation_3q|vol_saturation_extreme|has_history|has_deep_history|insider_silent,"{""has_deep_history"": 0.5, ""has_history"": 0.5, ""insider_silent"": -0.5, ""vol_saturation_3q"": 1.0, ""vol_saturation_extreme"": 0.5}",0.6757,HIT,3.4347,3.4347,5.08,2026-07-17T21:47:48+00:00,"HIT: scored 2.0, realized +3.43% (baseline 0.68%, ratio 5.08x)"
2026-07-02T15:22:54+00:00,1,MMM,earnings,2026-07-16,4.50,vol_compression_3q|vol_compression_severe|has_history|has_deep_history|high_vol_baseline|insider_silent,"{""has_deep_history"": 0.5, ""has_history"": 0.5, ""high_vol_baseline"": 1.0, ""insider_silent"": -0.5, ""vol_compression_3q"": 1.5, ""vol_compression_severe"": 1.5}",5.3063,MISS,0.7724,0.7724,0.15,2026-07-17T21:47:48+00:00,"MISS: scored 4.5, realized +0.77% (baseline 5.31%, ratio 0.15x)"
2026-07-02T15:22:54+00:00,1,SNA,earnings,2026-07-16,4.50,vol_compression_3q|vol_compression_severe|has_history|has_deep_history|high_vol_baseline|insider_silent,"{""has_deep_history"": 0.5, ""has_history"": 0.5, ""high_vol_baseline"": 1.0, ""insider_silent"": -0.5, ""vol_compression_3q"": 1.5, ""vol_compression_severe"": 1.5}",7.4987,MISS,2.7917,2.7917,0.37,2026-07-17T21:47:48+00:00,"MISS: scored 4.5, realized +2.79% (baseline 7.50%, ratio 0.37x)"
2026-07-02T15:22:54+00:00,1,STX,earnings,2026-07-16,1.50,vol_saturation_3q|has_history|has_deep_history|insider_silent,"{""has_deep_history"": 0.5, ""has_history"": 0.5, ""insider_silent"": -0.5, ""vol_saturation_3q"": 1.0}",0.7552,HIT,-9.9976,9.9976,13.24,2026-07-17T21:47:48+00:00,"HIT: scored 1.5, realized -10.00% (baseline 0.76%, ratio 13.24x)"
2026-07-02T15:22:54+00:00,1,UNH,earnings,2026-07-16,1.50,has_history|has_deep_history|high_vol_baseline|insider_silent,"{""has_deep_history"": 0.5, ""has_history"": 0.5, ""high_vol_baseline"": 1.0, ""insider_silent"": -0.5}",6.2708,MISS,1.1612,1.1612,0.19,2026-07-17T21:47:48+00:00,"MISS: scored 1.5, realized +1.16% (baseline 6.27%, ratio 0.19x)"
2026-07-06T16:27:20+00:00,1,AOS,earnings,2026-07-20,0.50,has_history|has_deep_history|insider_silent,"{""has_deep_history"": 0.5, ""has_history"": 0.5, ""insider_silent"": -0.5}",3.1086,MISS,0.0509,0.0509,0.02,2026-08-03T22:05:42+00:00,"MISS: scored 0.5, realized +0.05% (baseline 3.11%, ratio 0.02x)"
2026-07-06T16:27:20+00:00,1,DHR,earnings,2026-07-20,3.50,vol_compression_3q|vol_compression_severe|has_history|has_deep_history|insider_silent,"{""has_deep_history"": 0.5, ""has_history"": 0.5, ""insider_silent"": -0.5, ""vol_compression_3q"": 1.5, ""vol_compression_severe"": 1.5}",4.3419,MISS,-1.3344,1.3344,0.31,2026-08-03T22:05:42+00:00,"MISS: scored 3.5, realized -1.33% (baseline 4.34%, ratio 0.31x)"
2026-07-06T16:27:20+00:00,1,ENPH,earnings,2026-07-20,0.50,has_history|has_deep_history|insider_silent,"{""has_deep_history"": 0.5, ""has_history"": 0.5, ""insider_silent"": -0.5}",2.7293,HIT,-5.0758,5.0758,1.86,2026-08-03T22:05:42+00:00,"HIT: scored 0.5, realized -5.08% (baseline 2.73%, ratio 1.86x)"
2026-07-06T16:27:20+00:00,1,ISRG,earnings,2026-07-20,2.00,vol_saturation_3q|vol_saturation_extreme|has_history|has_deep_history|insider_silent,"{""has_deep_history"": 0.5, ""has_history"": 0.5, ""insider_silent"": -0.5, ""vol_saturation_3q"": 1.0, ""vol_saturation_extreme"": 0.5}",0.6757,HIT,2.2436,2.2436,3.32,2026-08-03T22:05:42+00:00,"HIT: scored 2.0, realized +2.24% (baseline 0.68%, ratio 3.32x)"
2026-07-06T16:27:20+00:00,1,KO,earnings,2026-07-20,1.50,vol_saturation_3q|has_history|has_deep_history|insider_silent,"{""has_deep_history"": 0.5, ""has_history"": 0.5, ""insider_silent"": -0.5, ""vol_saturation_3q"": 1.0}",1.0326,MISS,0.6866,0.6866,0.66,2026-08-03T22:05:42+00:00,"MISS: scored 1.5, realized +0.69% (baseline 1.03%, ratio 0.66x)"
2026-07-06T16:27:20+00:00,1,LMT,earnings,2026-07-20,0.50,has_history|has_deep_history|insider_silent,"{""has_deep_history"": 0.5, ""has_history"": 0.5, ""insider_silent"": -0.5}",3.5988,MISS,0.1513,0.1513,0.04,2026-08-03T22:05:42+00:00,"MISS: scored 0.5, realized +0.15% (baseline 3.60%, ratio 0.04x)"
2026-07-06T16:27:20+00:00,1,NOC,earnings,2026-07-20,1.50,vol_saturation_3q|has_history|has_deep_history|insider_silent,"{""has_deep_history"": 0.5, ""has_history"": 0.5, ""insider_silent"": -0.5, ""vol_saturation_3q"": 1.0}",2.7173,MISS,0.4582,0.4582,0.17,2026-08-03T22:05:42+00:00,"MISS: scored 1.5, realized +0.46% (baseline 2.72%, ratio 0.17x)"
2026-07-06T16:27:20+00:00,1,PCAR,earnings,2026-07-20,0.50,has_history|has_deep_history|insider_silent,"{""has_deep_history"": 0.5, ""has_history"": 0.5, ""insider_silent"": -0.5}",4.1512,MISS,-1.4818,1.4818,0.36,2026-08-03T22:05:42+00:00,"MISS: scored 0.5, realized -1.48% (baseline 4.15%, ratio 0.36x)"
2026-07-06T16:27:20+00:00,1,PNR,earnings,2026-07-20,1.50,vol_saturation_3q|has_history|has_deep_history|insider_silent,"{""has_deep_history"": 0.5, ""has_history"": 0.5, ""insider_silent"": -0.5, ""vol_saturation_3q"": 1.0}",3.5411,MISS,-0.5283,0.5283,0.15,2026-08-03T22:05:42+00:00,"MISS: scored 1.5, realized -0.53% (baseline 3.54%, ratio 0.15x)"
2026-07-06T16:27:20+00:00,1,RTX,earnings,2026-07-20,1.50,has_history|has_deep_history|high_vol_baseline|insider_silent,"{""has_deep_history"": 0.5, ""has_history"": 0.5, ""high_vol_baseline"": 1.0, ""insider_silent"": -0.5}",6.2536,MISS,0.4806,0.4806,0.08,2026-08-03T22:05:42+00:00,"MISS: scored 1.5, realized +0.48% (baseline 6.25%, ratio 0.08x)"
2026-07-06T16:27:20+00:00,1,SBUX,earnings,2026-07-20,0.50,has_history|has_deep_history|insider_silent,"{""has_deep_history"": 0.5, ""has_history"": 0.5, ""insider_silent"": -0.5}",0.3476,HIT,-0.6446,0.6446,1.85,2026-08-03T22:05:42+00:00,"HIT: scored 0.5, realized -0.64% (baseline 0.35%, ratio 1.85x)"
2026-07-06T16:27:20+00:00,1,TXN,earnings,2026-07-20,0.50,has_history|has_deep_history|insider_silent,"{""has_deep_history"": 0.5, ""has_history"": 0.5, ""insider_silent"": -0.5}",1.2196,MISS,0.0176,0.0176,0.01,2026-08-03T22:05:42+00:00,"MISS: scored 0.5, realized +0.02% (baseline 1.22%, ratio 0.01x)"
2026-07-07T15:48:10+00:00,1,BSX,earnings,2026-07-21,2.00,vol_saturation_3q|vol_saturation_extreme|has_history|has_deep_history|insider_silent,"{""has_deep_history"": 0.5, ""has_history"": 0.5, ""insider_silent"": -0.5, ""vol_saturation_3q"": 1.0, ""vol_saturation_extreme"": 0.5}",1.2186,HIT,-1.3251,1.3251,1.09,2026-08-03T22:05:42+00:00,"HIT: scored 2.0, realized -1.33% (baseline 1.22%, ratio 1.09x)"
2026-07-07T15:48:10+00:00,1,CMG,earnings,2026-07-21,3.50,vol_compression_3q|vol_compression_severe|has_history|has_deep_history|insider_silent,"{""has_deep_history"": 0.5, ""has_history"": 0.5, ""insider_silent"": -0.5, ""vol_compression_3q"": 1.5, ""vol_compression_severe"": 1.5}",0.9072,MISS,0.5735,0.5735,0.63,2026-08-03T22:05:42+00:00,"MISS: scored 3.5, realized +0.57% (baseline 0.91%, ratio 0.63x)"
2026-07-07T15:48:10+00:00,1,CSX,earnings,2026-07-21,3.50,vol_compression_3q|vol_compression_severe|has_history|has_deep_history|insider_silent,"{""has_deep_history"": 0.5, ""has_history"": 0.5, ""insider_silent"": -0.5, ""vol_compression_3q"": 1.5, ""vol_compression_severe"": 1.5}",1.3633,MISS,-0.4390,0.4390,0.32,2026-08-03T22:05:42+00:00,"MISS: scored 3.5, realized -0.44% (baseline 1.36%, ratio 0.32x)"
2026-07-07T15:48:10+00:00,1,DHR,earnings,2026-07-21,3.50,vol_compression_3q|vol_compression_severe|has_history|has_deep_history|insider_silent,"{""has_deep_history"": 0.5, ""has_history"": 0.5, ""insider_silent"": -0.5, ""vol_compression_3q"": 1.5, ""vol_compression_severe"": 1.5}",4.3419,HIT,-10.9890,10.9890,2.53,2026-08-03T22:05:42+00:00,"HIT: scored 3.5, realized -10.99% (baseline 4.34%, ratio 2.53x)"
2026-07-07T15:48:10+00:00,1,GD,earnings,2026-07-21,1.50,vol_saturation_3q|has_history|has_deep_history|insider_silent,"{""has_deep_history"": 0.5, ""has_history"": 0.5, ""insider_silent"": -0.5, ""vol_saturation_3q"": 1.0}",3.6455,MISS,-0.7744,0.7744,0.21,2026-08-03T22:05:42+00:00,"MISS: scored 1.5, realized -0.77% (baseline 3.65%, ratio 0.21x)"
2026-07-07T15:48:10+00:00,1,GM,earnings,2026-07-21,4.50,vol_compression_3q|vol_compression_severe|has_history|has_deep_history|high_vol_baseline|insider_silent,"{""has_deep_history"": 0.5, ""has_history"": 0.5, ""high_vol_baseline"": 1.0, ""insider_silent"": -0.5, ""vol_compression_3q"": 1.5, ""vol_compression_severe"": 1.5}",5.3952,MISS,4.9077,4.9077,0.91,2026-08-03T22:05:42+00:00,"MISS: scored 4.5, realized +4.91% (baseline 5.40%, ratio 0.91x)"
2026-07-07T15:48:10+00:00,1,GOOGL,earnings,2026-07-21,3.50,vol_compression_3q|vol_compression_severe|has_history|has_deep_history|insider_silent,"{""has_deep_history"": 0.5, ""has_history"": 0.5, ""insider_silent"": -0.5, ""vol_compression_3q"": 1.5, ""vol_compression_severe"": 1.5}",1.7338,MISS,-1.3750,1.3750,0.79,2026-08-03T22:05:42+00:00,"MISS: scored 3.5, realized -1.38% (baseline 1.73%, ratio 0.79x)"
2026-07-07T15:48:10+00:00,1,HLT,earnings,2026-07-21,0.50,has_history|has_deep_history|insider_silent,"{""has_deep_history"": 0.5, ""has_history"": 0.5, ""insider_silent"": -0.5}",1.8412,MISS,0.1577,0.1577,0.09,2026-08-03T22:05:42+00:00,"MISS: scored 0.5, realized +0.16% (baseline 1.84%, ratio 0.09x)"
2026-07-07T15:48:10+00:00,1,JBHT,earnings,2026-07-21,0.50,has_history|has_deep_history|insider_silent,"{""has_deep_history"": 0.5, ""has_history"": 0.5, ""insider_silent"": -0.5}",1.5531,MISS,0.9119,0.9119,0.59,2026-08-03T22:05:42+00:00,"MISS: scored 0.5, realized +0.91% (baseline 1.55%, ratio 0.59x)"
2026-07-07T15:48:10+00:00,1,KNX,earnings,2026-07-21,0.50,has_history|has_deep_history|insider_silent,"{""has_deep_history"": 0.5, ""has_history"": 0.5, ""insider_silent"": -0.5}",1.1826,HIT,1.4012,1.4012,1.18,2026-08-03T22:05:42+00:00,"HIT: scored 0.5, realized +1.40% (baseline 1.18%, ratio 1.18x)"
2026-07-07T15:48:10+00:00,1,LVS,earnings,2026-07-21,0.50,has_history|has_deep_history|insider_silent,"{""has_deep_history"": 0.5, ""has_history"": 0.5, ""insider_silent"": -0.5}",1.2807,MISS,-0.7422,0.7422,0.58,2026-08-03T22:05:42+00:00,"MISS: scored 0.5, realized -0.74% (baseline 1.28%, ratio 0.58x)"
2026-07-07T15:48:10+00:00,1,NOC,earnings,2026-07-21,1.50,vol_saturation_3q|has_history|has_deep_history|insider_silent,"{""has_deep_history"": 0.5, ""has_history"": 0.5, ""insider_silent"": -0.5, ""vol_saturation_3q"": 1.0}",2.7173,MISS,-2.2273,2.2273,0.82,2026-08-03T22:05:42+00:00,"MISS: scored 1.5, realized -2.23% (baseline 2.72%, ratio 0.82x)"
2026-07-07T15:48:10+00:00,1,NOW,earnings,2026-07-21,0.50,has_history|has_deep_history|insider_silent,"{""has_deep_history"": 0.5, ""has_history"": 0.5, ""insider_silent"": -0.5}",1.8068,HIT,-2.5215,2.5215,1.40,2026-08-03T22:05:42+00:00,"HIT: scored 0.5, realized -2.52% (baseline 1.81%, ratio 1.40x)"
2026-07-07T15:48:10+00:00,1,ORLY,earnings,2026-07-21,3.50,vol_compression_3q|vol_compression_severe|has_history|has_deep_history|insider_silent,"{""has_deep_history"": 0.5, ""has_history"": 0.5, ""insider_silent"": -0.5, ""vol_compression_3q"": 1.5, ""vol_compression_severe"": 1.5}",0.4218,HIT,4.0696,4.0696,9.65,2026-08-03T22:05:42+00:00,"HIT: scored 3.5, realized +4.07% (baseline 0.42%, ratio 9.65x)"
2026-07-07T15:48:10+00:00,1,TMO,earnings,2026-07-21,1.50,vol_saturation_3q|has_history|has_deep_history|insider_silent,"{""has_deep_history"": 0.5, ""has_history"": 0.5, ""insider_silent"": -0.5, ""vol_saturation_3q"": 1.0}",2.8796,MISS,-0.5264,0.5264,0.18,2026-08-03T22:05:42+00:00,"MISS: scored 1.5, realized -0.53% (baseline 2.88%, ratio 0.18x)"
2026-07-07T15:48:10+00:00,1,TSLA,earnings,2026-07-21,3.50,vol_compression_3q|vol_compression_severe|has_history|has_deep_history|insider_silent,"{""has_deep_history"": 0.5, ""has_history"": 0.5, ""insider_silent"": -0.5, ""vol_compression_3q"": 1.5, ""vol_compression_severe"": 1.5}",2.1490,HIT,2.5327,2.5327,1.18,2026-08-03T22:05:42+00:00,"HIT: scored 3.5, realized +2.53% (baseline 2.15%, ratio 1.18x)"
2026-07-07T15:48:10+00:00,1,URI,earnings,2026-07-21,3.50,vol_compression_3q|vol_compression_severe|has_history|has_deep_history|insider_silent,"{""has_deep_history"": 0.5, ""has_history"": 0.5, ""insider_silent"": -0.5, ""vol_compression_3q"": 1.5, ""vol_compression_severe"": 1.5}",1.1378,MISS,0.0820,0.0820,0.07,2026-08-03T22:05:42+00:00,"MISS: scored 3.5, realized +0.08% (baseline 1.14%, ratio 0.07x)"
2026-07-07T15:48:11+00:00,1,VKTX,earnings,2026-07-21,1.50,vol_saturation_3q|has_history|has_deep_history|insider_silent,"{""has_deep_history"": 0.5, ""has_history"": 0.5, ""insider_silent"": -0.5, ""vol_saturation_3q"": 1.0}",1.3330,HIT,4.3156,4.3156,3.24,2026-08-03T22:05:42+00:00,"HIT: scored 1.5, realized +4.32% (baseline 1.33%, ratio 3.24x)"
2026-07-08T15:27:50+00:00,1,CSX,earnings,2026-07-22,3.50,vol_compression_3q|vol_compression_severe|has_history|has_deep_history|insider_silent,"{""has_deep_history"": 0.5, ""has_history"": 0.5, ""insider_silent"": -0.5, ""vol_compression_3q"": 1.5, ""vol_compression_severe"": 1.5}",1.3633,MISS,0.0802,0.0802,0.06,2026-08-03T22:05:42+00:00,"MISS: scored 3.5, realized +0.08% (baseline 1.36%, ratio 0.06x)"
2026-07-08T15:27:50+00:00,1,DECK,earnings,2026-07-22,1.50,vol_saturation_3q|has_history|has_deep_history|insider_silent,"{""has_deep_history"": 0.5, ""has_history"": 0.5, ""insider_silent"": -0.5, ""vol_saturation_3q"": 1.0}",1.7557,MISS,-0.8131,0.8131,0.46,2026-08-03T22:05:42+00:00,"MISS: scored 1.5, realized -0.81% (baseline 1.76%, ratio 0.46x)"
2026-07-08T15:27:50+00:00,1,DOV,earnings,2026-07-22,0.50,has_history|has_deep_history|insider_silent,"{""has_deep_history"": 0.5, ""has_history"": 0.5, ""insider_silent"": -0.5}",3.8764,MISS,1.4710,1.4710,0.38,2026-08-03T22:05:42+00:00,"MISS: scored 0.5, realized +1.47% (baseline 3.88%, ratio 0.38x)"
2026-07-08T15:27:50+00:00,1,ELV,earnings,2026-07-22,3.50,vol_compression_3q|vol_compression_severe|has_history|has_deep_history|insider_silent,"{""has_deep_history"": 0.5, ""has_history"": 0.5, ""insider_silent"": -0.5, ""vol_compression_3q"": 1.5, ""vol_compression_severe"": 1.5}",2.9537,MISS,-1.1056,1.1056,0.37,2026-08-03T22:05:42+00:00,"MISS: scored 3.5, realized -1.11% (baseline 2.95%, ratio 0.37x)"
2026-07-08T15:27:50+00:00,1,EW,earnings,2026-07-22,2.00,vol_saturation_3q|vol_saturation_extreme|has_history|has_deep_history|insider_silent,"{""has_deep_history"": 0.5, ""has_history"": 0.5, ""insider_silent"": -0.5, ""vol_saturation_3q"": 1.0, ""vol_saturation_extreme"": 0.5}",0.3177,MISS,-0.2129,0.2129,0.67,2026-08-03T22:05:42+00:00,"MISS: scored 2.0, realized -0.21% (baseline 0.32%, ratio 0.67x)"
2026-07-08T15:27:50+00:00,1,HON,earnings,2026-07-22,4.50,vol_compression_3q|vol_compression_severe|has_history|has_deep_history|high_vol_baseline|insider_silent,"{""has_deep_history"": 0.5, ""has_history"": 0.5, ""high_vol_baseline"": 1.0, ""insider_silent"": -0.5, ""vol_compression_3q"": 1.5, ""vol_compression_severe"": 1.5}",5.1717,MISS,1.3617,1.3617,0.26,2026-08-03T22:05:42+00:00,"MISS: scored 4.5, realized +1.36% (baseline 5.17%, ratio 0.26x)"
2026-07-08T15:27:51+00:00,1,IBM,earnings,2026-07-22,2.00,vol_saturation_3q|vol_saturation_extreme|has_history|has_deep_history|insider_silent,"{""has_deep_history"": 0.5, ""has_history"": 0.5, ""insider_silent"": -0.5, ""vol_saturation_3q"": 1.0, ""vol_saturation_extreme"": 0.5}",0.3653,HIT,-2.2470,2.2470,6.15,2026-08-03T22:05:42+00:00,"HIT: scored 2.0, realized -2.25% (baseline 0.37%, ratio 6.15x)"
2026-07-08T15:27:51+00:00,1,INTC,earnings,2026-07-22,0.50,has_history|has_deep_history|insider_silent,"{""has_deep_history"": 0.5, ""has_history"": 0.5, ""insider_silent"": -0.5}",1.5423,HIT,-2.6837,2.6837,1.74,2026-08-03T22:05:42+00:00,"HIT: scored 0.5, realized -2.68% (baseline 1.54%, ratio 1.74x)"
2026-07-08T15:27:51+00:00,1,LVS,earnings,2026-07-22,0.50,has_history|has_deep_history|insider_silent,"{""has_deep_history"": 0.5, ""has_history"": 0.5, ""insider_silent"": -0.5}",1.2807,MISS,-0.4838,0.4838,0.38,2026-08-03T22:05:42+00:00,"MISS: scored 0.5, realized -0.48% (baseline 1.28%, ratio 0.38x)"
2026-07-08T15:27:51+00:00,1,PM,earnings,2026-07-22,1.50,vol_saturation_3q|has_history|has_deep_history|insider_silent,"{""has_deep_history"": 0.5, ""has_history"": 0.5, ""insider_silent"": -0.5, ""vol_saturation_3q"": 1.0}",2.6591,HIT,3.3291,3.3291,1.25,2026-08-03T22:05:42+00:00,"HIT: scored 1.5, realized +3.33% (baseline 2.66%, ratio 1.25x)"
2026-07-08T15:27:51+00:00,1,TSLA,earnings,2026-07-22,3.50,vol_compression_3q|vol_compression_severe|has_history|has_deep_history|insider_silent,"{""has_deep_history"": 0.5, ""has_history"": 0.5, ""insider_silent"": -0.5, ""vol_compression_3q"": 1.5, ""vol_compression_severe"": 1.5}",2.1490,MISS,-1.2984,1.2984,0.60,2026-08-03T22:05:42+00:00,"MISS: scored 3.5, realized -1.30% (baseline 2.15%, ratio 0.60x)"
2026-07-08T15:27:51+00:00,1,TXN,earnings,2026-07-22,0.50,has_history|has_deep_history|insider_silent,"{""has_deep_history"": 0.5, ""has_history"": 0.5, ""insider_silent"": -0.5}",1.2196,MISS,0.9921,0.9921,0.81,2026-08-03T22:05:42+00:00,"MISS: scored 0.5, realized +0.99% (baseline 1.22%, ratio 0.81x)"
2026-07-08T15:27:51+00:00,1,UNP,earnings,2026-07-22,1.50,vol_saturation_3q|has_history|has_deep_history|insider_silent,"{""has_deep_history"": 0.5, ""has_history"": 0.5, ""insider_silent"": -0.5, ""vol_saturation_3q"": 1.0}",3.2668,MISS,-0.1945,0.1945,0.06,2026-08-03T22:05:42+00:00,"MISS: scored 1.5, realized -0.19% (baseline 3.27%, ratio 0.06x)"
2026-07-08T15:27:51+00:00,1,WAB,earnings,2026-07-22,4.50,vol_compression_3q|vol_compression_severe|has_history|has_deep_history|high_vol_baseline|insider_silent,"{""has_deep_history"": 0.5, ""has_history"": 0.5, ""high_vol_baseline"": 1.0, ""insider_silent"": -0.5, ""vol_compression_3q"": 1.5, ""vol_compression_severe"": 1.5}",5.0334,HIT,10.0444,10.0444,2.00,2026-08-03T22:05:42+00:00,"HIT: scored 4.5, realized +10.04% (baseline 5.03%, ratio 2.00x)"
2026-07-08T15:27:51+00:00,1,WST,earnings,2026-07-22,1.50,has_history|has_deep_history|high_vol_baseline|insider_silent,"{""has_deep_history"": 0.5, ""has_history"": 0.5, ""high_vol_baseline"": 1.0, ""insider_silent"": -0.5}",11.3270,MISS,-0.2311,0.2311,0.02,2026-08-03T22:05:42+00:00,"MISS: scored 1.5, realized -0.23% (baseline 11.33%, ratio 0.02x)"
2026-07-09T16:04:05+00:00,1,AOS,earnings,2026-07-23,0.50,has_history|has_deep_history|insider_silent,"{""has_deep_history"": 0.5, ""has_history"": 0.5, ""insider_silent"": -0.5}",3.1086,MISS,0.2358,0.2358,0.08,2026-08-03T22:05:42+00:00,"MISS: scored 0.5, realized +0.24% (baseline 3.11%, ratio 0.08x)"
2026-07-09T16:04:05+00:00,1,DECK,earnings,2026-07-23,1.50,vol_saturation_3q|has_history|has_deep_history|insider_silent,"{""has_deep_history"": 0.5, ""has_history"": 0.5, ""insider_silent"": -0.5, ""vol_saturation_3q"": 1.0}",1.7557,HIT,-6.0896,6.0896,3.47,2026-08-03T22:05:42+00:00,"HIT: scored 1.5, realized -6.09% (baseline 1.76%, ratio 3.47x)"
2026-07-09T16:04:05+00:00,1,DOV,earnings,2026-07-23,0.50,has_history|has_deep_history|insider_silent,"{""has_deep_history"": 0.5, ""has_history"": 0.5, ""insider_silent"": -0.5}",3.8764,HIT,-7.7984,7.7984,2.01,2026-08-03T22:05:42+00:00,"HIT: scored 0.5, realized -7.80% (baseline 3.88%, ratio 2.01x)"
2026-07-09T16:04:05+00:00,1,DXCM,earnings,2026-07-23,1.50,vol_saturation_3q|has_history|has_deep_history|insider_silent,"{""has_deep_history"": 0.5, ""has_history"": 0.5, ""insider_silent"": -0.5, ""vol_saturation_3q"": 1.0}",1.2934,HIT,-1.3300,1.3300,1.03,2026-08-03T22:05:42+00:00,"HIT: scored 1.5, realized -1.33% (baseline 1.29%, ratio 1.03x)"
2026-07-09T16:04:05+00:00,1,EW,earnings,2026-07-23,2.00,vol_saturation_3q|vol_saturation_extreme|has_history|has_deep_history|insider_silent,"{""has_deep_history"": 0.5, ""has_history"": 0.5, ""insider_silent"": -0.5, ""vol_saturation_3q"": 1.0, ""vol_saturation_extreme"": 0.5}",0.3177,HIT,-0.6519,0.6519,2.05,2026-08-03T22:05:42+00:00,"HIT: scored 2.0, realized -0.65% (baseline 0.32%, ratio 2.05x)"
2026-07-09T16:04:05+00:00,1,HON,earnings,2026-07-23,4.50,vol_compression_3q|vol_compression_severe|has_history|has_deep_history|high_vol_baseline|insider_silent,"{""has_deep_history"": 0.5, ""has_history"": 0.5, ""high_vol_baseline"": 1.0, ""insider_silent"": -0.5, ""vol_compression_3q"": 1.5, ""vol_compression_severe"": 1.5}",5.1717,HIT,5.6998,5.6998,1.10,2026-08-03T22:05:42+00:00,"HIT: scored 4.5, realized +5.70% (baseline 5.17%, ratio 1.10x)"
2026-07-09T16:04:05+00:00,1,HSY,earnings,2026-07-23,0.50,has_history|has_deep_history|insider_silent,"{""has_deep_history"": 0.5, ""has_history"": 0.5, ""insider_silent"": -0.5}",2.4478,MISS,-0.1103,0.1103,0.05,2026-08-03T22:05:42+00:00,"MISS: scored 0.5, realized -0.11% (baseline 2.45%, ratio 0.05x)"
2026-07-09T16:04:05+00:00,1,INTC,earnings,2026-07-23,0.50,has_history|has_deep_history|insider_silent,"{""has_deep_history"": 0.5, ""has_history"": 0.5, ""insider_silent"": -0.5}",1.5423,HIT,-2.3290,2.3290,1.51,2026-08-03T22:05:42+00:00,"HIT: scored 0.5, realized -2.33% (baseline 1.54%, ratio 1.51x)"
2026-07-09T16:04:05+00:00,1,KLAC,earnings,2026-07-23,3.50,vol_compression_3q|vol_compression_severe|has_history|has_deep_history|insider_silent,"{""has_deep_history"": 0.5, ""has_history"": 0.5, ""insider_silent"": -0.5, ""vol_compression_3q"": 1.5, ""vol_compression_severe"": 1.5}",2.8893,MISS,1.8818,1.8818,0.65,2026-08-03T22:05:42+00:00,"MISS: scored 3.5, realized +1.88% (baseline 2.89%, ratio 0.65x)"
2026-07-09T16:04:05+00:00,1,LMT,earnings,2026-07-23,0.50,has_history|has_deep_history|insider_silent,"{""has_deep_history"": 0.5, ""has_history"": 0.5, ""insider_silent"": -0.5}",3.5988,HIT,10.5432,10.5432,2.93,2026-08-03T22:05:42+00:00,"HIT: scored 0.5, realized +10.54% (baseline 3.60%, ratio 2.93x)"
2026-07-09T16:04:05+00:00,1,MLM,earnings,2026-07-23,3.50,vol_compression_3q|vol_compression_severe|has_history|has_deep_history|insider_silent,"{""has_deep_history"": 0.5, ""has_history"": 0.5, ""insider_silent"": -0.5, ""vol_compression_3q"": 1.5, ""vol_compression_severe"": 1.5}",2.7611,MISS,-0.6883,0.6883,0.25,2026-08-03T22:05:42+00:00,"MISS: scored 3.5, realized -0.69% (baseline 2.76%, ratio 0.25x)"
2026-07-09T16:04:05+00:00,1,NSC,earnings,2026-07-23,3.50,vol_compression_3q|vol_compression_severe|has_history|has_deep_history|insider_silent,"{""has_deep_history"": 0.5, ""has_history"": 0.5, ""insider_silent"": -0.5, ""vol_compression_3q"": 1.5, ""vol_compression_severe"": 1.5}",1.6305,HIT,5.3212,5.3212,3.26,2026-08-03T22:05:42+00:00,"HIT: scored 3.5, realized +5.32% (baseline 1.63%, ratio 3.26x)"
2026-07-09T16:04:05+00:00,1,RTX,earnings,2026-07-23,1.50,has_history|has_deep_history|high_vol_baseline|insider_silent,"{""has_deep_history"": 0.5, ""has_history"": 0.5, ""high_vol_baseline"": 1.0, ""insider_silent"": -0.5}",6.2536,HIT,7.3276,7.3276,1.17,2026-08-03T22:05:42+00:00,"HIT: scored 1.5, realized +7.33% (baseline 6.25%, ratio 1.17x)"
2026-07-09T16:04:05+00:00,1,SAIA,earnings,2026-07-23,4.50,vol_compression_3q|vol_compression_severe|has_history|has_deep_history|high_vol_baseline|insider_silent,"{""has_deep_history"": 0.5, ""has_history"": 0.5, ""high_vol_baseline"": 1.0, ""insider_silent"": -0.5, ""vol_compression_3q"": 1.5, ""vol_compression_severe"": 1.5}",12.8699,MISS,0.0610,0.0610,0.00,2026-08-03T22:05:42+00:00,"MISS: scored 4.5, realized +0.06% (baseline 12.87%, ratio 0.00x)"
2026-07-09T16:04:05+00:00,1,TMO,earnings,2026-07-23,1.50,vol_saturation_3q|has_history|has_deep_history|insider_silent,"{""has_deep_history"": 0.5, ""has_history"": 0.5, ""insider_silent"": -0.5, ""vol_saturation_3q"": 1.0}",2.8796,HIT,8.7110,8.7110,3.03,2026-08-03T22:05:42+00:00,"HIT: scored 1.5, realized +8.71% (baseline 2.88%, ratio 3.03x)"
2026-07-09T16:04:05+00:00,1,UNP,earnings,2026-07-23,1.50,vol_saturation_3q|has_history|has_deep_history|insider_silent,"{""has_deep_history"": 0.5, ""has_history"": 0.5, ""insider_silent"": -0.5, ""vol_saturation_3q"": 1.0}",3.2668,HIT,4.0231,4.0231,1.23,2026-08-03T22:05:42+00:00,"HIT: scored 1.5, realized +4.02% (baseline 3.27%, ratio 1.23x)"
2026-07-09T16:04:05+00:00,1,WAB,earnings,2026-07-23,4.50,vol_compression_3q|vol_compression_severe|has_history|has_deep_history|high_vol_baseline|insider_silent,"{""has_deep_history"": 0.5, ""has_history"": 0.5, ""high_vol_baseline"": 1.0, ""insider_silent"": -0.5, ""vol_compression_3q"": 1.5, ""vol_compression_severe"": 1.5}",5.0334,MISS,2.7552,2.7552,0.55,2026-08-03T22:05:42+00:00,"MISS: scored 4.5, realized +2.76% (baseline 5.03%, ratio 0.55x)"
2026-07-10T15:36:45+00:00,1,ABBV,earnings,2026-07-24,0.50,has_history|has_deep_history|insider_silent,"{""has_deep_history"": 0.5, ""has_history"": 0.5, ""insider_silent"": -0.5}",3.8503,MISS,0.9497,0.9497,0.25,2026-08-03T22:05:42+00:00,"MISS: scored 0.5, realized +0.95% (baseline 3.85%, ratio 0.25x)"
2026-07-10T15:36:45+00:00,1,SAIA,earnings,2026-07-24,4.50,vol_compression_3q|vol_compression_severe|has_history|has_deep_history|high_vol_baseline|insider_silent,"{""has_deep_history"": 0.5, ""has_history"": 0.5, ""high_vol_baseline"": 1.0, ""insider_silent"": -0.5, ""vol_compression_3q"": 1.5, ""vol_compression_severe"": 1.5}",12.8699,MISS,-0.6728,0.6728,0.05,2026-08-03T22:05:42+00:00,"MISS: scored 4.5, realized -0.67% (baseline 12.87%, ratio 0.05x)"
2026-07-13T15:46:28+00:00,1,BKNG,earnings,2026-07-27,0.50,has_history|has_deep_history|insider_silent,"{""has_deep_history"": 0.5, ""has_history"": 0.5, ""insider_silent"": -0.5}",1.6184,HIT,5.2575,5.2575,3.25,2026-08-03T22:05:42+00:00,"HIT: scored 0.5, realized +5.26% (baseline 1.62%, ratio 3.25x)"
2026-07-13T15:46:28+00:00,1,CDNS,earnings,2026-07-27,2.00,vol_compression_3q|has_history|has_deep_history|insider_silent,"{""has_deep_history"": 0.5, ""has_history"": 0.5, ""insider_silent"": -0.5, ""vol_compression_3q"": 1.5}",1.7102,HIT,3.7917,3.7917,2.22,2026-08-03T22:05:42+00:00,"HIT: scored 2.0, realized +3.79% (baseline 1.71%, ratio 2.22x)"
2026-07-13T15:46:28+00:00,1,EXEL,earnings,2026-07-27,2.00,vol_compression_3q|has_history|has_deep_history|insider_silent,"{""has_deep_history"": 0.5, ""has_history"": 0.5, ""insider_silent"": -0.5, ""vol_compression_3q"": 1.5}",0.9290,MISS,0.7947,0.7947,0.86,2026-08-03T22:05:42+00:00,"MISS: scored 2.0, realized +0.79% (baseline 0.93%, ratio 0.86x)"
2026-07-13T15:46:28+00:00,1,GEHC,earnings,2026-07-27,1.50,vol_saturation_3q|has_history|has_deep_history|insider_silent,"{""has_deep_history"": 0.5, ""has_history"": 0.5, ""insider_silent"": -0.5, ""vol_saturation_3q"": 1.0}",4.3360,MISS,0.8914,0.8914,0.21,2026-08-03T22:05:42+00:00,"MISS: scored 1.5, realized +0.89% (baseline 4.34%, ratio 0.21x)"
2026-07-13T15:46:28+00:00,1,INCY,earnings,2026-07-27,0.50,has_history|has_deep_history|insider_silent,"{""has_deep_history"": 0.5, ""has_history"": 0.5, ""insider_silent"": -0.5}",2.0611,MISS,1.0198,1.0198,0.49,2026-08-03T22:05:42+00:00,"MISS: scored 0.5, realized +1.02% (baseline 2.06%, ratio 0.49x)"
2026-07-13T15:46:28+00:00,1,JCI,earnings,2026-07-27,4.50,vol_compression_3q|vol_compression_severe|has_history|has_deep_history|high_vol_baseline|insider_silent,"{""has_deep_history"": 0.5, ""has_history"": 0.5, ""high_vol_baseline"": 1.0, ""insider_silent"": -0.5, ""vol_compression_3q"": 1.5, ""vol_compression_severe"": 1.5}",6.5222,MISS,0.0139,0.0139,0.00,2026-08-03T22:05:42+00:00,"MISS: scored 4.5, realized +0.01% (baseline 6.52%, ratio 0.00x)"
2026-07-13T15:46:28+00:00,1,RSG,earnings,2026-07-27,1.50,vol_saturation_3q|has_history|has_deep_history|insider_silent,"{""has_deep_history"": 0.5, ""has_history"": 0.5, ""insider_silent"": -0.5, ""vol_saturation_3q"": 1.0}",0.3797,MISS,-0.0046,0.0046,0.01,2026-08-03T22:05:42+00:00,"MISS: scored 1.5, realized -0.00% (baseline 0.38%, ratio 0.01x)"
2026-07-13T15:46:28+00:00,1,SOFI,earnings,2026-07-27,1.50,has_history|has_deep_history|high_vol_baseline|insider_silent,"{""has_deep_history"": 0.5, ""has_history"": 0.5, ""high_vol_baseline"": 1.0, ""insider_silent"": -0.5}",8.3511,MISS,2.5516,2.5516,0.31,2026-08-03T22:05:42+00:00,"MISS: scored 1.5, realized +2.55% (baseline 8.35%, ratio 0.31x)"
2026-07-14T15:03:30+00:00,1,ADM,earnings,2026-07-28,0.50,has_history|has_deep_history|insider_silent,"{""has_deep_history"": 0.5, ""has_history"": 0.5, ""insider_silent"": -0.5}",3.4411,MISS,-0.0120,0.0120,0.00,2026-08-03T22:05:42+00:00,"MISS: scored 0.5, realized -0.01% (baseline 3.44%, ratio 0.00x)"
2026-07-14T15:03:30+00:00,1,BA,earnings,2026-07-28,1.50,vol_saturation_3q|has_history|has_deep_history|insider_silent,"{""has_deep_history"": 0.5, ""has_history"": 0.5, ""insider_silent"": -0.5, ""vol_saturation_3q"": 1.0}",2.7029,HIT,4.7565,4.7565,1.76,2026-08-03T22:05:42+00:00,"HIT: scored 1.5, realized +4.76% (baseline 2.70%, ratio 1.76x)"
2026-07-14T15:03:30+00:00,1,CHRW,earnings,2026-07-28,2.00,vol_compression_3q|has_history|has_deep_history|insider_silent,"{""has_deep_history"": 0.5, ""has_history"": 0.5, ""insider_silent"": -0.5, ""vol_compression_3q"": 1.5}",1.5268,HIT,-2.9348,2.9348,1.92,2026-08-03T22:05:42+00:00,"HIT: scored 2.0, realized -2.93% (baseline 1.53%, ratio 1.92x)"
2026-07-14T15:03:30+00:00,1,ENPH,earnings,2026-07-28,0.50,has_history|has_deep_history|insider_silent,"{""has_deep_history"": 0.5, ""has_history"": 0.5, ""insider_silent"": -0.5}",2.7293,HIT,-4.4462,4.4462,1.63,2026-08-03T22:05:42+00:00,"HIT: scored 0.5, realized -4.45% (baseline 2.73%, ratio 1.63x)"
2026-07-14T15:03:30+00:00,1,ETSY,earnings,2026-07-28,2.00,vol_saturation_3q|vol_saturation_extreme|has_history|has_deep_history|insider_silent,"{""has_deep_history"": 0.5, ""has_history"": 0.5, ""insider_silent"": -0.5, ""vol_saturation_3q"": 1.0, ""vol_saturation_extreme"": 0.5}",2.1133,HIT,3.1369,3.1369,1.48,2026-08-03T22:05:42+00:00,"HIT: scored 2.0, realized +3.14% (baseline 2.11%, ratio 1.48x)"
2026-07-14T15:03:30+00:00,1,F,earnings,2026-07-28,0.50,has_history|has_deep_history|insider_silent,"{""has_deep_history"": 0.5, ""has_history"": 0.5, ""insider_silent"": -0.5}",1.3171,HIT,1.9074,1.9074,1.45,2026-08-03T22:05:42+00:00,"HIT: scored 0.5, realized +1.91% (baseline 1.32%, ratio 1.45x)"
2026-07-14T15:03:30+00:00,1,GNRC,earnings,2026-07-28,2.00,vol_saturation_3q|vol_saturation_extreme|has_history|has_deep_history|insider_silent,"{""has_deep_history"": 0.5, ""has_history"": 0.5, ""insider_silent"": -0.5, ""vol_saturation_3q"": 1.0, ""vol_saturation_extreme"": 0.5}",3.5668,MISS,-0.9821,0.9821,0.28,2026-08-03T22:05:42+00:00,"MISS: scored 2.0, realized -0.98% (baseline 3.57%, ratio 0.28x)"
2026-07-14T15:03:30+00:00,1,GOOGL,earnings,2026-07-28,3.50,vol_compression_3q|vol_compression_severe|has_history|has_deep_history|insider_silent,"{""has_deep_history"": 0.5, ""has_history"": 0.5, ""insider_silent"": -0.5, ""vol_compression_3q"": 1.5, ""vol_compression_severe"": 1.5}",1.7338,HIT,2.1895,2.1895,1.26,2026-08-03T22:05:42+00:00,"HIT: scored 3.5, realized +2.19% (baseline 1.73%, ratio 1.26x)"
2026-07-14T15:03:30+00:00,1,HOOD,earnings,2026-07-28,1.50,vol_saturation_3q|has_history|has_deep_history|insider_silent,"{""has_deep_history"": 0.5, ""has_history"": 0.5, ""insider_silent"": -0.5, ""vol_saturation_3q"": 1.0}",1.0968,HIT,-3.0214,3.0214,2.75,2026-08-03T22:05:42+00:00,"HIT: scored 1.5, realized -3.02% (baseline 1.10%, ratio 2.75x)"
2026-07-14T15:03:30+00:00,1,HUBB,earnings,2026-07-28,0.50,has_history|has_deep_history|insider_silent,"{""has_deep_history"": 0.5, ""has_history"": 0.5, ""insider_silent"": -0.5}",4.0525,MISS,-2.8717,2.8717,0.71,2026-08-03T22:05:42+00:00,"MISS: scored 0.5, realized -2.87% (baseline 4.05%, ratio 0.71x)"
2026-07-14T15:03:30+00:00,1,IONS,earnings,2026-07-28,0.50,has_history|has_deep_history|insider_silent,"{""has_deep_history"": 0.5, ""has_history"": 0.5, ""insider_silent"": -0.5}",2.4340,MISS,-1.1794,1.1794,0.48,2026-08-03T22:05:42+00:00,"MISS: scored 0.5, realized -1.18% (baseline 2.43%, ratio 0.48x)"
2026-07-14T15:03:30+00:00,1,ITW,earnings,2026-07-28,1.50,vol_saturation_3q|has_history|has_deep_history|insider_silent,"{""has_deep_history"": 0.5, ""has_history"": 0.5, ""insider_silent"": -0.5, ""vol_saturation_3q"": 1.0}",1.4059,HIT,3.6304,3.6304,2.58,2026-08-03T22:05:42+00:00,"HIT: scored 1.5, realized +3.63% (baseline 1.41%, ratio 2.58x)"
2026-07-14T15:03:30+00:00,1,KHC,earnings,2026-07-28,0.50,has_history|has_deep_history|insider_silent,"{""has_deep_history"": 0.5, ""has_history"": 0.5, ""insider_silent"": -0.5}",3.1600,HIT,4.1190,4.1190,1.30,2026-08-03T22:05:42+00:00,"HIT: scored 0.5, realized +4.12% (baseline 3.16%, ratio 1.30x)"
2026-07-14T15:03:30+00:00,1,KMB,earnings,2026-07-28,3.50,vol_compression_3q|vol_compression_severe|has_history|has_deep_history|insider_silent,"{""has_deep_history"": 0.5, ""has_history"": 0.5, ""insider_silent"": -0.5, ""vol_compression_3q"": 1.5, ""vol_compression_severe"": 1.5}",3.7890,MISS,1.4806,1.4806,0.39,2026-08-03T22:05:42+00:00,"MISS: scored 3.5, realized +1.48% (baseline 3.79%, ratio 0.39x)"
2026-07-14T15:03:30+00:00,1,KO,earnings,2026-07-28,1.50,vol_saturation_3q|has_history|has_deep_history|insider_silent,"{""has_deep_history"": 0.5, ""has_history"": 0.5, ""insider_silent"": -0.5, ""vol_saturation_3q"": 1.0}",1.0326,HIT,4.9958,4.9958,4.84,2026-08-03T22:05:42+00:00,"HIT: scored 1.5, realized +5.00% (baseline 1.03%, ratio 4.84x)"
2026-07-14T15:03:30+00:00,1,LMT,earnings,2026-07-28,0.50,has_history|has_deep_history|insider_silent,"{""has_deep_history"": 0.5, ""has_history"": 0.5, ""insider_silent"": -0.5}",3.5988,MISS,0.2259,0.2259,0.06,2026-08-03T22:05:42+00:00,"MISS: scored 0.5, realized +0.23% (baseline 3.60%, ratio 0.06x)"
2026-07-14T15:03:30+00:00,1,LRCX,earnings,2026-07-28,1.50,vol_saturation_3q|has_history|has_deep_history|insider_silent,"{""has_deep_history"": 0.5, ""has_history"": 0.5, ""insider_silent"": -0.5, ""vol_saturation_3q"": 1.0}",1.1983,HIT,-7.5443,7.5443,6.30,2026-08-03T22:05:42+00:00,"HIT: scored 1.5, realized -7.54% (baseline 1.20%, ratio 6.30x)"
2026-07-14T15:03:30+00:00,1,MDLZ,earnings,2026-07-28,1.50,vol_saturation_3q|has_history|has_deep_history|insider_silent,"{""has_deep_history"": 0.5, ""has_history"": 0.5, ""insider_silent"": -0.5, ""vol_saturation_3q"": 1.0}",0.8318,HIT,2.9834,2.9834,3.59,2026-08-03T22:05:42+00:00,"HIT: scored 1.5, realized +2.98% (baseline 0.83%, ratio 3.59x)"
2026-07-14T15:03:30+00:00,1,MMM,earnings,2026-07-28,4.50,vol_compression_3q|vol_compression_severe|has_history|has_deep_history|high_vol_baseline|insider_silent,"{""has_deep_history"": 0.5, ""has_history"": 0.5, ""high_vol_baseline"": 1.0, ""insider_silent"": -0.5, ""vol_compression_3q"": 1.5, ""vol_compression_severe"": 1.5}",5.3063,MISS,2.3846,2.3846,0.45,2026-08-03T22:05:42+00:00,"MISS: scored 4.5, realized +2.38% (baseline 5.31%, ratio 0.45x)"
2026-07-14T15:03:30+00:00,1,MSFT,earnings,2026-07-28,0.50,has_history|has_deep_history|insider_silent,"{""has_deep_history"": 0.5, ""has_history"": 0.5, ""insider_silent"": -0.5}",0.6301,HIT,1.0923,1.0923,1.73,2026-08-03T22:05:42+00:00,"HIT: scored 0.5, realized +1.09% (baseline 0.63%, ratio 1.73x)"
2026-07-14T15:03:30+00:00,1,NBIX,earnings,2026-07-28,3.50,vol_compression_3q|vol_compression_severe|has_history|has_deep_history|insider_silent,"{""has_deep_history"": 0.5, ""has_history"": 0.5, ""insider_silent"": -0.5, ""vol_compression_3q"": 1.5, ""vol_compression_severe"": 1.5}",3.7740,MISS,3.6392,3.6392,0.96,2026-08-03T22:05:42+00:00,"MISS: scored 3.5, realized +3.64% (baseline 3.77%, ratio 0.96x)"
2026-07-14T15:03:30+00:00,1,PCAR,earnings,2026-07-28,0.50,has_history|has_deep_history|insider_silent,"{""has_deep_history"": 0.5, ""has_history"": 0.5, ""insider_silent"": -0.5}",4.1512,MISS,3.5746,3.5746,0.86,2026-08-03T22:05:42+00:00,"MISS: scored 0.5, realized +3.57% (baseline 4.15%, ratio 0.86x)"
2026-07-14T15:03:30+00:00,1,PNR,earnings,2026-07-28,1.50,vol_saturation_3q|has_history|has_deep_history|insider_silent,"{""has_deep_history"": 0.5, ""has_history"": 0.5, ""insider_silent"": -0.5, ""vol_saturation_3q"": 1.0}",3.5411,HIT,5.6822,5.6822,1.60,2026-08-03T22:05:42+00:00,"HIT: scored 1.5, realized +5.68% (baseline 3.54%, ratio 1.60x)"
2026-07-14T15:03:30+00:00,1,PYPL,earnings,2026-07-28,1.50,vol_saturation_3q|has_history|has_deep_history|insider_silent,"{""has_deep_history"": 0.5, ""has_history"": 0.5, ""insider_silent"": -0.5, ""vol_saturation_3q"": 1.0}",2.6128,HIT,4.0128,4.0128,1.54,2026-08-03T22:05:42+00:00,"HIT: scored 1.5, realized +4.01% (baseline 2.61%, ratio 1.54x)"
2026-07-14T15:03:30+00:00,1,QCOM,earnings,2026-07-28,1.50,vol_saturation_3q|has_history|has_deep_history|insider_silent,"{""has_deep_history"": 0.5, ""has_history"": 0.5, ""insider_silent"": -0.5, ""vol_saturation_3q"": 1.0}",1.7382,HIT,-4.2108,4.2108,2.42,2026-08-03T22:05:42+00:00,"HIT: scored 1.5, realized -4.21% (baseline 1.74%, ratio 2.42x)"
2026-07-14T15:03:30+00:00,1,RTX,earnings,2026-07-28,1.50,has_history|has_deep_history|high_vol_baseline|insider_silent,"{""has_deep_history"": 0.5, ""has_history"": 0.5, ""high_vol_baseline"": 1.0, ""insider_silent"": -0.5}",6.2536,MISS,0.0733,0.0733,0.01,2026-08-03T22:05:42+00:00,"MISS: scored 1.5, realized +0.07% (baseline 6.25%, ratio 0.01x)"
2026-07-14T15:03:30+00:00,1,TENB,earnings,2026-07-28,2.00,vol_saturation_3q|vol_saturation_extreme|has_history|has_deep_history|insider_silent,"{""has_deep_history"": 0.5, ""has_history"": 0.5, ""insider_silent"": -0.5, ""vol_saturation_3q"": 1.0, ""vol_saturation_extreme"": 0.5}",1.1894,HIT,-3.2984,3.2984,2.77,2026-08-03T22:05:42+00:00,"HIT: scored 2.0, realized -3.30% (baseline 1.19%, ratio 2.77x)"
2026-07-14T15:03:30+00:00,1,UPS,earnings,2026-07-28,1.50,has_history|has_deep_history|high_vol_baseline|insider_silent,"{""has_deep_history"": 0.5, ""has_history"": 0.5, ""high_vol_baseline"": 1.0, ""insider_silent"": -0.5}",5.6080,HIT,-6.5693,6.5693,1.17,2026-08-03T22:05:42+00:00,"HIT: scored 1.5, realized -6.57% (baseline 5.61%, ratio 1.17x)"
2026-07-14T15:03:30+00:00,1,WDC,earnings,2026-07-28,1.50,vol_saturation_3q|has_history|has_deep_history|insider_silent,"{""has_deep_history"": 0.5, ""has_history"": 0.5, ""insider_silent"": -0.5, ""vol_saturation_3q"": 1.0}",2.6121,HIT,-6.9107,6.9107,2.65,2026-08-03T22:05:42+00:00,"HIT: scored 1.5, realized -6.91% (baseline 2.61%, ratio 2.65x)"
2026-07-14T15:03:30+00:00,1,WING,earnings,2026-07-28,4.50,vol_compression_3q|vol_compression_severe|has_history|has_deep_history|high_vol_baseline|insider_silent,"{""has_deep_history"": 0.5, ""has_history"": 0.5, ""high_vol_baseline"": 1.0, ""insider_silent"": -0.5, ""vol_compression_3q"": 1.5, ""vol_compression_severe"": 1.5}",5.9366,MISS,-1.7269,1.7269,0.29,2026-08-03T22:05:42+00:00,"MISS: scored 4.5, realized -1.73% (baseline 5.94%, ratio 0.29x)"
2026-07-14T15:03:30+00:00,1,WM,earnings,2026-07-28,0.50,has_history|has_deep_history|insider_silent,"{""has_deep_history"": 0.5, ""has_history"": 0.5, ""insider_silent"": -0.5}",0.6616,MISS,0.6347,0.6347,0.96,2026-08-03T22:05:42+00:00,"MISS: scored 0.5, realized +0.63% (baseline 0.66%, ratio 0.96x)"
2026-07-15T14:59:47+00:00,1,ALGN,earnings,2026-07-29,3.50,vol_compression_3q|vol_compression_severe|has_history|has_deep_history|insider_silent,"{""has_deep_history"": 0.5, ""has_history"": 0.5, ""insider_silent"": -0.5, ""vol_compression_3q"": 1.5, ""vol_compression_severe"": 1.5}",1.9078,HIT,2.5513,2.5513,1.34,2026-08-03T22:05:42+00:00,"HIT: scored 3.5, realized +2.55% (baseline 1.91%, ratio 1.34x)"
2026-07-15T14:59:47+00:00,1,ALKS,earnings,2026-07-29,1.50,has_history|has_deep_history|high_vol_baseline|insider_silent,"{""has_deep_history"": 0.5, ""has_history"": 0.5, ""high_vol_baseline"": 1.0, ""insider_silent"": -0.5}",5.4293,MISS,-4.2772,4.2772,0.79,2026-08-03T22:05:42+00:00,"MISS: scored 1.5, realized -4.28% (baseline 5.43%, ratio 0.79x)"
2026-07-15T14:59:47+00:00,1,APLS,earnings,2026-07-29,0.50,has_history|has_deep_history|insider_silent,"{""has_deep_history"": 0.5, ""has_history"": 0.5, ""insider_silent"": -0.5}",3.2936,INVALIDATED,,,,2026-08-03T22:05:42+00:00,INVALIDATED: could not compute realized move for APLS 2026-07-29
2026-07-15T14:59:47+00:00,1,BA,earnings,2026-07-29,1.50,vol_saturation_3q|has_history|has_deep_history|insider_silent,"{""has_deep_history"": 0.5, ""has_history"": 0.5, ""insider_silent"": -0.5, ""vol_saturation_3q"": 1.0}",2.7029,HIT,-3.4077,3.4077,1.26,2026-08-03T22:05:42+00:00,"HIT: scored 1.5, realized -3.41% (baseline 2.70%, ratio 1.26x)"
2026-07-15T14:59:47+00:00,1,BIIB,earnings,2026-07-29,0.50,has_history|has_deep_history|insider_silent,"{""has_deep_history"": 0.5, ""has_history"": 0.5, ""insider_silent"": -0.5}",3.5476,MISS,1.7606,1.7606,0.50,2026-08-03T22:05:42+00:00,"MISS: scored 0.5, realized +1.76% (baseline 3.55%, ratio 0.50x)"
2026-07-15T14:59:47+00:00,1,BSX,earnings,2026-07-29,2.00,vol_saturation_3q|vol_saturation_extreme|has_history|has_deep_history|insider_silent,"{""has_deep_history"": 0.5, ""has_history"": 0.5, ""insider_silent"": -0.5, ""vol_saturation_3q"": 1.0, ""vol_saturation_extreme"": 0.5}",1.2186,MISS,-0.0434,0.0434,0.04,2026-08-03T22:05:42+00:00,"MISS: scored 2.0, realized -0.04% (baseline 1.22%, ratio 0.04x)"
2026-07-15T14:59:47+00:00,1,CHKP,earnings,2026-07-29,3.00,vol_compression_3q|has_history|has_deep_history|high_vol_baseline|insider_silent,"{""has_deep_history"": 0.5, ""has_history"": 0.5, ""high_vol_baseline"": 1.0, ""insider_silent"": -0.5, ""vol_compression_3q"": 1.5}",5.4618,MISS,1.4749,1.4749,0.27,2026-08-03T22:05:42+00:00,"MISS: scored 3.0, realized +1.47% (baseline 5.46%, ratio 0.27x)"
2026-07-15T14:59:47+00:00,1,CMG,earnings,2026-07-29,3.50,vol_compression_3q|vol_compression_severe|has_history|has_deep_history|insider_silent,"{""has_deep_history"": 0.5, ""has_history"": 0.5, ""insider_silent"": -0.5, ""vol_compression_3q"": 1.5, ""vol_compression_severe"": 1.5}",0.9072,HIT,2.1785,2.1785,2.40,2026-08-03T22:05:42+00:00,"HIT: scored 3.5, realized +2.18% (baseline 0.91%, ratio 2.40x)"
2026-07-15T14:59:47+00:00,1,CVS,earnings,2026-07-29,1.50,vol_saturation_3q|has_history|has_deep_history|insider_silent,"{""has_deep_history"": 0.5, ""has_history"": 0.5, ""insider_silent"": -0.5, ""vol_saturation_3q"": 1.0}",3.7169,MISS,-3.1279,3.1279,0.84,2026-08-03T22:05:42+00:00,"MISS: scored 1.5, realized -3.13% (baseline 3.72%, ratio 0.84x)"
2026-07-15T14:59:47+00:00,1,F,earnings,2026-07-29,0.50,has_history|has_deep_history|insider_silent,"{""has_deep_history"": 0.5, ""has_history"": 0.5, ""insider_silent"": -0.5}",1.3171,HIT,2.1390,2.1390,1.62,2026-08-03T22:05:42+00:00,"HIT: scored 0.5, realized +2.14% (baseline 1.32%, ratio 1.62x)"
2026-07-15T14:59:47+00:00,1,FTNT,earnings,2026-07-29,3.50,vol_compression_3q|vol_compression_severe|has_history|has_deep_history|insider_silent,"{""has_deep_history"": 0.5, ""has_history"": 0.5, ""insider_silent"": -0.5, ""vol_compression_3q"": 1.5, ""vol_compression_severe"": 1.5}",1.3479,HIT,2.1603,2.1603,1.60,2026-08-03T22:05:42+00:00,"HIT: scored 3.5, realized +2.16% (baseline 1.35%, ratio 1.60x)"
2026-07-15T14:59:47+00:00,1,HOOD,earnings,2026-07-29,1.50,vol_saturation_3q|has_history|has_deep_history|insider_silent,"{""has_deep_history"": 0.5, ""has_history"": 0.5, ""insider_silent"": -0.5, ""vol_saturation_3q"": 1.0}",1.0968,HIT,-3.1479,3.1479,2.87,2026-08-03T22:05:42+00:00,"HIT: scored 1.5, realized -3.15% (baseline 1.10%, ratio 2.87x)"
2026-07-15T14:59:47+00:00,1,HUM,earnings,2026-07-29,0.50,has_history|has_deep_history|insider_silent,"{""has_deep_history"": 0.5, ""has_history"": 0.5, ""insider_silent"": -0.5}",4.6278,HIT,-5.9942,5.9942,1.30,2026-08-03T22:05:42+00:00,"HIT: scored 0.5, realized -5.99% (baseline 4.63%, ratio 1.30x)"
2026-07-15T14:59:47+00:00,1,ILMN,earnings,2026-07-29,2.00,vol_saturation_3q|vol_saturation_extreme|has_history|has_deep_history|insider_silent,"{""has_deep_history"": 0.5, ""has_history"": 0.5, ""insider_silent"": -0.5, ""vol_saturation_3q"": 1.0, ""vol_saturation_extreme"": 0.5}",1.2025,MISS,0.9535,0.9535,0.79,2026-08-03T22:05:42+00:00,"MISS: scored 2.0, realized +0.95% (baseline 1.20%, ratio 0.79x)"
2026-07-15T14:59:47+00:00,1,MCD,earnings,2026-07-29,3.50,vol_compression_3q|vol_compression_severe|has_history|has_deep_history|insider_silent,"{""has_deep_history"": 0.5, ""has_history"": 0.5, ""insider_silent"": -0.5, ""vol_compression_3q"": 1.5, ""vol_compression_severe"": 1.5}",1.7983,MISS,-0.5494,0.5494,0.31,2026-08-03T22:05:42+00:00,"MISS: scored 3.5, realized -0.55% (baseline 1.80%, ratio 0.31x)"
2026-07-15T14:59:47+00:00,1,META,earnings,2026-07-29,3.50,vol_compression_3q|vol_compression_severe|has_history|has_deep_history|insider_silent,"{""has_deep_history"": 0.5, ""has_history"": 0.5, ""insider_silent"": -0.5, ""vol_compression_3q"": 1.5, ""vol_compression_severe"": 1.5}",1.0852,HIT,-1.3144,1.3144,1.21,2026-08-03T22:05:42+00:00,"HIT: scored 3.5, realized -1.31% (baseline 1.09%, ratio 1.21x)"
2026-07-15T14:59:47+00:00,1,NOW,earnings,2026-07-29,0.50,has_history|has_deep_history|insider_silent,"{""has_deep_history"": 0.5, ""has_history"": 0.5, ""insider_silent"": -0.5}",1.8068,HIT,4.6465,4.6465,2.57,2026-08-03T22:05:42+00:00,"HIT: scored 0.5, realized +4.65% (baseline 1.81%, ratio 2.57x)"
2026-07-15T14:59:47+00:00,1,ODFL,earnings,2026-07-29,0.50,has_history|has_deep_history|insider_silent,"{""has_deep_history"": 0.5, ""has_history"": 0.5, ""insider_silent"": -0.5}",4.6489,MISS,-1.5423,1.5423,0.33,2026-08-03T22:05:42+00:00,"MISS: scored 0.5, realized -1.54% (baseline 4.65%, ratio 0.33x)"
2026-07-15T14:59:47+00:00,1,ORLY,earnings,2026-07-29,3.50,vol_compression_3q|vol_compression_severe|has_history|has_deep_history|insider_silent,"{""has_deep_history"": 0.5, ""has_history"": 0.5, ""insider_silent"": -0.5, ""vol_compression_3q"": 1.5, ""vol_compression_severe"": 1.5}",0.4218,HIT,-0.5923,0.5923,1.40,2026-08-03T22:05:42+00:00,"HIT: scored 3.5, realized -0.59% (baseline 0.42%, ratio 1.40x)"
2026-07-15T14:59:47+00:00,1,PG,earnings,2026-07-29,0.50,has_history|has_deep_history|insider_silent,"{""has_deep_history"": 0.5, ""has_history"": 0.5, ""insider_silent"": -0.5}",2.7023,MISS,-1.8673,1.8673,0.69,2026-08-03T22:05:42+00:00,"MISS: scored 0.5, realized -1.87% (baseline 2.70%, ratio 0.69x)"
2026-07-15T14:59:47+00:00,1,QCOM,earnings,2026-07-29,1.50,vol_saturation_3q|has_history|has_deep_history|insider_silent,"{""has_deep_history"": 0.5, ""has_history"": 0.5, ""insider_silent"": -0.5, ""vol_saturation_3q"": 1.0}",1.7382,HIT,-4.4204,4.4204,2.54,2026-08-03T22:05:42+00:00,"HIT: scored 1.5, realized -4.42% (baseline 1.74%, ratio 2.54x)"
2026-07-15T14:59:47+00:00,1,RBLX,earnings,2026-07-29,4.50,vol_compression_3q|vol_compression_severe|has_history|has_deep_history|high_vol_baseline|insider_silent,"{""has_deep_history"": 0.5, ""has_history"": 0.5, ""high_vol_baseline"": 1.0, ""insider_silent"": -0.5, ""vol_compression_3q"": 1.5, ""vol_compression_severe"": 1.5}",11.4487,MISS,1.2727,1.2727,0.11,2026-08-03T22:05:42+00:00,"MISS: scored 4.5, realized +1.27% (baseline 11.45%, ratio 0.11x)"
2026-07-15T14:59:47+00:00,1,SHOP,earnings,2026-07-29,1.50,has_history|has_deep_history|high_vol_baseline|insider_silent,"{""has_deep_history"": 0.5, ""has_history"": 0.5, ""high_vol_baseline"": 1.0, ""insider_silent"": -0.5}",15.6162,MISS,-0.8520,0.8520,0.05,2026-08-03T22:05:42+00:00,"MISS: scored 1.5, realized -0.85% (baseline 15.62%, ratio 0.05x)"
2026-07-15T14:59:47+00:00,1,SOFI,earnings,2026-07-29,1.50,has_history|has_deep_history|high_vol_baseline|insider_silent,"{""has_deep_history"": 0.5, ""has_history"": 0.5, ""high_vol_baseline"": 1.0, ""insider_silent"": -0.5}",8.3511,HIT,-8.9008,8.9008,1.07,2026-08-03T22:05:42+00:00,"HIT: scored 1.5, realized -8.90% (baseline 8.35%, ratio 1.07x)"
2026-07-15T14:59:47+00:00,1,TMO,earnings,2026-07-29,1.50,vol_saturation_3q|has_history|has_deep_history|insider_silent,"{""has_deep_history"": 0.5, ""has_history"": 0.5, ""insider_silent"": -0.5, ""vol_saturation_3q"": 1.0}",2.8796,MISS,0.0087,0.0087,0.00,2026-08-03T22:05:42+00:00,"MISS: scored 1.5, realized +0.01% (baseline 2.88%, ratio 0.00x)"
2026-07-15T14:59:47+00:00,1,URI,earnings,2026-07-29,3.50,vol_compression_3q|vol_compression_severe|has_history|has_deep_history|insider_silent,"{""has_deep_history"": 0.5, ""has_history"": 0.5, ""insider_silent"": -0.5, ""vol_compression_3q"": 1.5, ""vol_compression_severe"": 1.5}",1.1378,HIT,-3.3127,3.3127,2.91,2026-08-03T22:05:42+00:00,"HIT: scored 3.5, realized -3.31% (baseline 1.14%, ratio 2.91x)"
2026-07-15T14:59:47+00:00,1,VKTX,earnings,2026-07-29,1.50,vol_saturation_3q|has_history|has_deep_history|insider_silent,"{""has_deep_history"": 0.5, ""has_history"": 0.5, ""insider_silent"": -0.5, ""vol_saturation_3q"": 1.0}",1.3330,MISS,-1.2699,1.2699,0.95,2026-08-03T22:05:42+00:00,"MISS: scored 1.5, realized -1.27% (baseline 1.33%, ratio 0.95x)"
2026-07-15T14:59:47+00:00,1,WING,earnings,2026-07-29,4.50,vol_compression_3q|vol_compression_severe|has_history|has_deep_history|high_vol_baseline|insider_silent,"{""has_deep_history"": 0.5, ""has_history"": 0.5, ""high_vol_baseline"": 1.0, ""insider_silent"": -0.5, ""vol_compression_3q"": 1.5, ""vol_compression_severe"": 1.5}",5.9366,MISS,3.3959,3.3959,0.57,2026-08-03T22:05:42+00:00,"MISS: scored 4.5, realized +3.40% (baseline 5.94%, ratio 0.57x)"
2026-07-15T14:59:47+00:00,1,XYL,earnings,2026-07-29,0.50,has_history|has_deep_history|insider_silent,"{""has_deep_history"": 0.5, ""has_history"": 0.5, ""insider_silent"": -0.5}",4.7935,MISS,-2.2725,2.2725,0.47,2026-08-03T22:05:42+00:00,"MISS: scored 0.5, realized -2.27% (baseline 4.79%, ratio 0.47x)"
2026-07-16T15:10:27+00:00,1,AAPL,earnings,2026-07-30,3.50,vol_compression_3q|vol_compression_severe|has_history|has_deep_history|insider_silent,"{""has_deep_history"": 0.5, ""has_history"": 0.5, ""insider_silent"": -0.5, ""vol_compression_3q"": 1.5, ""vol_compression_severe"": 1.5}",1.5046,MISS,-1.4075,1.4075,0.94,2026-08-03T22:05:42+00:00,"MISS: scored 3.5, realized -1.41% (baseline 1.50%, ratio 0.94x)"
2026-07-16T15:10:27+00:00,1,ALNY,earnings,2026-07-30,0.50,has_history|has_deep_history|insider_silent,"{""has_deep_history"": 0.5, ""has_history"": 0.5, ""insider_silent"": -0.5}",2.9831,HIT,-28.3093,28.3093,9.49,2026-08-03T22:05:42+00:00,"HIT: scored 0.5, realized -28.31% (baseline 2.98%, ratio 9.49x)"
2026-07-16T15:10:27+00:00,1,AMGN,earnings,2026-07-30,1.50,vol_saturation_3q|has_history|has_deep_history|insider_silent,"{""has_deep_history"": 0.5, ""has_history"": 0.5, ""insider_silent"": -0.5, ""vol_saturation_3q"": 1.0}",0.7573,MISS,0.0000,0.0000,0.00,2026-08-03T22:05:42+00:00,"MISS: scored 1.5, realized +0.00% (baseline 0.76%, ratio 0.00x)"
2026-07-16T15:10:27+00:00,1,AMZN,earnings,2026-07-30,2.00,vol_compression_3q|has_history|has_deep_history|insider_silent,"{""has_deep_history"": 0.5, ""has_history"": 0.5, ""insider_silent"": -0.5, ""vol_compression_3q"": 1.5}",2.0926,HIT,3.9047,3.9047,1.87,2026-08-03T22:05:42+00:00,"HIT: scored 2.0, realized +3.90% (baseline 2.09%, ratio 1.87x)"
2026-07-16T15:10:27+00:00,1,AOS,earnings,2026-07-30,0.50,has_history|has_deep_history|insider_silent,"{""has_deep_history"": 0.5, ""has_history"": 0.5, ""insider_silent"": -0.5}",3.1086,HIT,-3.5945,3.5945,1.16,2026-08-03T22:05:42+00:00,"HIT: scored 0.5, realized -3.59% (baseline 3.11%, ratio 1.16x)"
2026-07-16T15:10:27+00:00,1,BDX,earnings,2026-07-30,1.50,vol_saturation_3q|has_history|has_deep_history|insider_silent,"{""has_deep_history"": 0.5, ""has_history"": 0.5, ""insider_silent"": -0.5, ""vol_saturation_3q"": 1.0}",2.4658,MISS,-1.7518,1.7518,0.71,2026-08-03T22:05:42+00:00,"MISS: scored 1.5, realized -1.75% (baseline 2.47%, ratio 0.71x)"
2026-07-16T15:10:27+00:00,1,BMY,earnings,2026-07-30,1.50,has_history|has_deep_history|high_vol_baseline|insider_silent,"{""has_deep_history"": 0.5, ""has_history"": 0.5, ""high_vol_baseline"": 1.0, ""insider_silent"": -0.5}",5.0662,MISS,2.7892,2.7892,0.55,2026-08-03T22:05:42+00:00,"MISS: scored 1.5, realized +2.79% (baseline 5.07%, ratio 0.55x)"
2026-07-16T15:10:27+00:00,1,CHKP,earnings,2026-07-30,3.00,vol_compression_3q|has_history|has_deep_history|high_vol_baseline|insider_silent,"{""has_deep_history"": 0.5, ""has_history"": 0.5, ""high_vol_baseline"": 1.0, ""insider_silent"": -0.5, ""vol_compression_3q"": 1.5}",5.4618,HIT,-8.1907,8.1907,1.50,2026-08-03T22:05:42+00:00,"HIT: scored 3.0, realized -8.19% (baseline 5.46%, ratio 1.50x)"
2026-07-16T15:10:27+00:00,1,CI,earnings,2026-07-30,3.50,vol_compression_3q|vol_compression_severe|has_history|has_deep_history|insider_silent,"{""has_deep_history"": 0.5, ""has_history"": 0.5, ""insider_silent"": -0.5, ""vol_compression_3q"": 1.5, ""vol_compression_severe"": 1.5}",3.7389,MISS,-2.9716,2.9716,0.79,2026-08-03T22:05:42+00:00,"MISS: scored 3.5, realized -2.97% (baseline 3.74%, ratio 0.79x)"
2026-07-16T15:10:27+00:00,1,COIN,earnings,2026-07-30,4.50,vol_compression_3q|vol_compression_severe|has_history|has_deep_history|high_vol_baseline|insider_silent,"{""has_deep_history"": 0.5, ""has_history"": 0.5, ""high_vol_baseline"": 1.0, ""insider_silent"": -0.5, ""vol_compression_3q"": 1.5, ""vol_compression_severe"": 1.5}",5.1404,MISS,2.1800,2.1800,0.42,2026-08-03T22:05:42+00:00,"MISS: scored 4.5, realized +2.18% (baseline 5.14%, ratio 0.42x)"
2026-07-16T15:10:27+00:00,1,CROX,earnings,2026-07-30,4.50,vol_compression_3q|vol_compression_severe|has_history|has_deep_history|high_vol_baseline|insider_silent,"{""has_deep_history"": 0.5, ""has_history"": 0.5, ""high_vol_baseline"": 1.0, ""insider_silent"": -0.5, ""vol_compression_3q"": 1.5, ""vol_compression_severe"": 1.5}",11.0256,MISS,-7.3847,7.3847,0.67,2026-08-03T22:05:42+00:00,"MISS: scored 4.5, realized -7.38% (baseline 11.03%, ratio 0.67x)"
2026-07-16T15:10:27+00:00,1,DASH,earnings,2026-07-30,0.50,has_history|has_deep_history|insider_silent,"{""has_deep_history"": 0.5, ""has_history"": 0.5, ""insider_silent"": -0.5}",1.3300,HIT,2.0669,2.0669,1.55,2026-08-03T22:05:42+00:00,"HIT: scored 0.5, realized +2.07% (baseline 1.33%, ratio 1.55x)"
2026-07-16T15:10:27+00:00,1,DBX,earnings,2026-07-30,1.50,vol_saturation_3q|has_history|has_deep_history|insider_silent,"{""has_deep_history"": 0.5, ""has_history"": 0.5, ""insider_silent"": -0.5, ""vol_saturation_3q"": 1.0}",0.5865,HIT,-3.6604,3.6604,6.24,2026-08-03T22:05:42+00:00,"HIT: scored 1.5, realized -3.66% (baseline 0.59%, ratio 6.24x)"
2026-07-16T15:10:27+00:00,1,FTNT,earnings,2026-07-30,3.50,vol_compression_3q|vol_compression_severe|has_history|has_deep_history|insider_silent,"{""has_deep_history"": 0.5, ""has_history"": 0.5, ""insider_silent"": -0.5, ""vol_compression_3q"": 1.5, ""vol_compression_severe"": 1.5}",1.3479,MISS,0.6722,0.6722,0.50,2026-08-03T22:05:42+00:00,"MISS: scored 3.5, realized +0.67% (baseline 1.35%, ratio 0.50x)"
2026-07-16T15:10:27+00:00,1,GILD,earnings,2026-07-30,0.50,has_history|has_deep_history|insider_silent,"{""has_deep_history"": 0.5, ""has_history"": 0.5, ""insider_silent"": -0.5}",1.0040,HIT,-1.0924,1.0924,1.09,2026-08-03T22:05:42+00:00,"HIT: scored 0.5, realized -1.09% (baseline 1.00%, ratio 1.09x)"
2026-07-16T15:10:27+00:00,1,MNST,earnings,2026-07-30,1.50,vol_saturation_3q|has_history|has_deep_history|insider_silent,"{""has_deep_history"": 0.5, ""has_history"": 0.5, ""insider_silent"": -0.5, ""vol_saturation_3q"": 1.0}",0.5321,MISS,0.4320,0.4320,0.81,2026-08-03T22:05:42+00:00,"MISS: scored 1.5, realized +0.43% (baseline 0.53%, ratio 0.81x)"
2026-07-16T15:10:27+00:00,1,MO,earnings,2026-07-30,1.50,vol_saturation_3q|has_history|has_deep_history|insider_silent,"{""has_deep_history"": 0.5, ""has_history"": 0.5, ""insider_silent"": -0.5, ""vol_saturation_3q"": 1.0}",2.5867,HIT,-9.3166,9.3166,3.60,2026-08-03T22:05:42+00:00,"HIT: scored 1.5, realized -9.32% (baseline 2.59%, ratio 3.60x)"
2026-07-16T15:10:27+00:00,1,MRNA,earnings,2026-07-30,4.50,vol_compression_3q|vol_compression_severe|has_history|has_deep_history|high_vol_baseline|insider_silent,"{""has_deep_history"": 0.5, ""has_history"": 0.5, ""high_vol_baseline"": 1.0, ""insider_silent"": -0.5, ""vol_compression_3q"": 1.5, ""vol_compression_severe"": 1.5}",5.9066,HIT,6.2947,6.2947,1.07,2026-08-03T22:05:42+00:00,"HIT: scored 4.5, realized +6.29% (baseline 5.91%, ratio 1.07x)"
2026-07-16T15:10:27+00:00,1,NET,earnings,2026-07-30,0.50,has_history|has_deep_history|insider_silent,"{""has_deep_history"": 0.5, ""has_history"": 0.5, ""insider_silent"": -0.5}",2.5513,HIT,4.8117,4.8117,1.89,2026-08-03T22:05:42+00:00,"HIT: scored 0.5, realized +4.81% (baseline 2.55%, ratio 1.89x)"
2026-07-16T15:10:27+00:00,1,NTLA,earnings,2026-07-30,4.50,vol_compression_3q|vol_compression_severe|has_history|has_deep_history|high_vol_baseline|insider_silent,"{""has_deep_history"": 0.5, ""has_history"": 0.5, ""high_vol_baseline"": 1.0, ""insider_silent"": -0.5, ""vol_compression_3q"": 1.5, ""vol_compression_severe"": 1.5}",5.7147,MISS,2.6852,2.6852,0.47,2026-08-03T22:05:42+00:00,"MISS: scored 4.5, realized +2.69% (baseline 5.71%, ratio 0.47x)"
2026-07-16T15:10:27+00:00,1,PTCT,earnings,2026-07-30,1.50,vol_saturation_3q|has_history|has_deep_history|insider_silent,"{""has_deep_history"": 0.5, ""has_history"": 0.5, ""insider_silent"": -0.5, ""vol_saturation_3q"": 1.0}",0.9380,HIT,1.3827,1.3827,1.47,2026-08-03T22:05:42+00:00,"HIT: scored 1.5, realized +1.38% (baseline 0.94%, ratio 1.47x)"
2026-07-16T15:10:27+00:00,1,PWR,earnings,2026-07-30,2.00,vol_saturation_3q|vol_saturation_extreme|has_history|has_deep_history|insider_silent,"{""has_deep_history"": 0.5, ""has_history"": 0.5, ""insider_silent"": -0.5, ""vol_saturation_3q"": 1.0, ""vol_saturation_extreme"": 0.5}",3.8460,HIT,17.2577,17.2577,4.49,2026-08-03T22:05:42+00:00,"HIT: scored 2.0, realized +17.26% (baseline 3.85%, ratio 4.49x)"
2026-07-16T15:10:27+00:00,1,REGN,earnings,2026-07-30,0.50,has_history|has_deep_history|insider_silent,"{""has_deep_history"": 0.5, ""has_history"": 0.5, ""insider_silent"": -0.5}",3.6278,HIT,6.1718,6.1718,1.70,2026-08-03T22:05:42+00:00,"HIT: scored 0.5, realized +6.17% (baseline 3.63%, ratio 1.70x)"
2026-07-16T15:10:27+00:00,1,SAIA,earnings,2026-07-30,4.50,vol_compression_3q|vol_compression_severe|has_history|has_deep_history|high_vol_baseline|insider_silent,"{""has_deep_history"": 0.5, ""has_history"": 0.5, ""high_vol_baseline"": 1.0, ""insider_silent"": -0.5, ""vol_compression_3q"": 1.5, ""vol_compression_severe"": 1.5}",12.8699,MISS,-11.1069,11.1069,0.86,2026-08-03T22:05:42+00:00,"MISS: scored 4.5, realized -11.11% (baseline 12.87%, ratio 0.86x)"
2026-07-16T15:10:27+00:00,1,SHAK,earnings,2026-07-30,2.50,vol_saturation_3q|has_history|has_deep_history|high_vol_baseline|insider_silent,"{""has_deep_history"": 0.5, ""has_history"": 0.5, ""high_vol_baseline"": 1.0, ""insider_silent"": -0.5, ""vol_saturation_3q"": 1.0}",7.4113,MISS,0.0317,0.0317,0.00,2026-08-03T22:05:42+00:00,"MISS: scored 2.5, realized +0.03% (baseline 7.41%, ratio 0.00x)"
2026-07-16T15:10:27+00:00,1,SYK,earnings,2026-07-30,3.50,vol_compression_3q|vol_compression_severe|has_history|has_deep_history|insider_silent,"{""has_deep_history"": 0.5, ""has_history"": 0.5, ""insider_silent"": -0.5, ""vol_compression_3q"": 1.5, ""vol_compression_severe"": 1.5}",0.7710,HIT,-1.1952,1.1952,1.55,2026-08-03T22:05:42+00:00,"HIT: scored 3.5, realized -1.20% (baseline 0.77%, ratio 1.55x)"
2026-07-16T15:10:27+00:00,1,TEAM,earnings,2026-07-30,1.50,vol_saturation_3q|has_history|has_deep_history|insider_silent,"{""has_deep_history"": 0.5, ""has_history"": 0.5, ""insider_silent"": -0.5, ""vol_saturation_3q"": 1.0}",1.3060,HIT,-5.9072,5.9072,4.52,2026-08-03T22:05:42+00:00,"HIT: scored 1.5, realized -5.91% (baseline 1.31%, ratio 4.52x)"
2026-07-16T15:10:27+00:00,1,TWLO,earnings,2026-07-30,1.50,vol_saturation_3q|has_history|has_deep_history|insider_silent,"{""has_deep_history"": 0.5, ""has_history"": 0.5, ""insider_silent"": -0.5, ""vol_saturation_3q"": 1.0}",1.5351,MISS,1.4290,1.4290,0.93,2026-08-03T22:05:42+00:00,"MISS: scored 1.5, realized +1.43% (baseline 1.54%, ratio 0.93x)"
2026-07-16T15:10:27+00:00,1,VMC,earnings,2026-07-30,3.50,vol_compression_3q|vol_compression_severe|has_history|has_deep_history|insider_silent,"{""has_deep_history"": 0.5, ""has_history"": 0.5, ""insider_silent"": -0.5, ""vol_compression_3q"": 1.5, ""vol_compression_severe"": 1.5}",4.5039,MISS,-4.4660,4.4660,0.99,2026-08-03T22:05:42+00:00,"MISS: scored 3.5, realized -4.47% (baseline 4.50%, ratio 0.99x)"
2026-07-16T15:10:27+00:00,1,VRTX,earnings,2026-07-30,1.50,vol_saturation_3q|has_history|has_deep_history|insider_silent,"{""has_deep_history"": 0.5, ""has_history"": 0.5, ""insider_silent"": -0.5, ""vol_saturation_3q"": 1.0}",0.6740,MISS,-0.3372,0.3372,0.50,2026-08-03T22:05:42+00:00,"MISS: scored 1.5, realized -0.34% (baseline 0.67%, ratio 0.50x)"
2026-07-16T15:10:27+00:00,1,W,earnings,2026-07-30,1.50,has_history|has_deep_history|high_vol_baseline|insider_silent,"{""has_deep_history"": 0.5, ""has_history"": 0.5, ""high_vol_baseline"": 1.0, ""insider_silent"": -0.5}",7.1889,MISS,0.8424,0.8424,0.12,2026-08-03T22:05:42+00:00,"MISS: scored 1.5, realized +0.84% (baseline 7.19%, ratio 0.12x)"
2026-07-16T15:10:27+00:00,1,WSC,earnings,2026-07-30,3.50,vol_compression_3q|vol_compression_severe|has_history|has_deep_history|insider_silent,"{""has_deep_history"": 0.5, ""has_history"": 0.5, ""insider_silent"": -0.5, ""vol_compression_3q"": 1.5, ""vol_compression_severe"": 1.5}",1.7000,MISS,-0.3731,0.3731,0.22,2026-08-03T22:05:42+00:00,"MISS: scored 3.5, realized -0.37% (baseline 1.70%, ratio 0.22x)"
2026-07-16T15:10:27+00:00,1,XPO,earnings,2026-07-30,4.50,vol_compression_3q|vol_compression_severe|has_history|has_deep_history|high_vol_baseline|insider_silent,"{""has_deep_history"": 0.5, ""has_history"": 0.5, ""high_vol_baseline"": 1.0, ""insider_silent"": -0.5, ""vol_compression_3q"": 1.5, ""vol_compression_severe"": 1.5}",8.3478,MISS,-0.0602,0.0602,0.01,2026-08-03T22:05:42+00:00,"MISS: scored 4.5, realized -0.06% (baseline 8.35%, ratio 0.01x)"
2026-07-16T15:10:28+00:00,1,YUM,earnings,2026-07-30,0.50,has_history|has_deep_history|insider_silent,"{""has_deep_history"": 0.5, ""has_history"": 0.5, ""insider_silent"": -0.5}",1.8621,HIT,3.3439,3.3439,1.80,2026-08-03T22:05:42+00:00,"HIT: scored 0.5, realized +3.34% (baseline 1.86%, ratio 1.80x)"
2026-07-17T14:49:59+00:00,1,ABBV,earnings,2026-07-31,0.50,has_history|has_deep_history|insider_silent,"{""has_deep_history"": 0.5, ""has_history"": 0.5, ""insider_silent"": -0.5}",3.8503,MISS,-2.5135,2.5135,0.65,2026-08-03T22:05:42+00:00,"MISS: scored 0.5, realized -2.51% (baseline 3.85%, ratio 0.65x)"
2026-07-17T14:49:59+00:00,1,CL,earnings,2026-07-31,0.50,has_history|has_deep_history|insider_silent,"{""has_deep_history"": 0.5, ""has_history"": 0.5, ""insider_silent"": -0.5}",1.9573,MISS,-0.3275,0.3275,0.17,2026-08-03T22:05:42+00:00,"MISS: scored 0.5, realized -0.33% (baseline 1.96%, ratio 0.17x)"
2026-07-17T14:49:59+00:00,1,DKNG,earnings,2026-07-31,2.00,vol_compression_3q|has_history|has_deep_history|insider_silent,"{""has_deep_history"": 0.5, ""has_history"": 0.5, ""insider_silent"": -0.5, ""vol_compression_3q"": 1.5}",2.0920,MISS,-1.0118,1.0118,0.48,2026-08-03T22:05:42+00:00,"MISS: scored 2.0, realized -1.01% (baseline 2.09%, ratio 0.48x)"
2026-08-03T15:51:19+00:00,1,ANET,earnings,2026-08-03,0.50,has_history|has_deep_history|insider_silent,"{""has_deep_history"": 0.5, ""has_history"": 0.5, ""insider_silent"": -0.5}",1.7997,HIT,2.5173,2.5173,1.40,2026-08-04T22:09:18+00:00,"HIT: scored 0.5, realized +2.52% (baseline 1.80%, ratio 1.40x)"
2026-08-03T15:51:19+00:00,1,BEAM,earnings,2026-08-03,0.50,has_history|has_deep_history|insider_silent,"{""has_deep_history"": 0.5, ""has_history"": 0.5, ""insider_silent"": -0.5}",2.9327,MISS,1.5282,1.5282,0.52,2026-08-04T22:09:18+00:00,"MISS: scored 0.5, realized +1.53% (baseline 2.93%, ratio 0.52x)"
2026-08-03T15:51:19+00:00,1,CRSP,earnings,2026-08-03,0.50,has_history|has_deep_history|insider_silent,"{""has_deep_history"": 0.5, ""has_history"": 0.5, ""insider_silent"": -0.5}",3.4354,MISS,3.2924,3.2924,0.96,2026-08-04T22:09:18+00:00,"MISS: scored 0.5, realized +3.29% (baseline 3.44%, ratio 0.96x)"
2026-08-03T15:51:19+00:00,1,DOCN,earnings,2026-08-03,3.00,vol_saturation_3q|vol_saturation_extreme|has_history|has_deep_history|high_vol_baseline|insider_silent,"{""has_deep_history"": 0.5, ""has_history"": 0.5, ""high_vol_baseline"": 1.0, ""insider_silent"": -0.5, ""vol_saturation_3q"": 1.0, ""vol_saturation_extreme"": 0.5}",8.4803,MISS,8.2298,8.2298,0.97,2026-08-04T22:09:18+00:00,"MISS: scored 3.0, realized +8.23% (baseline 8.48%, ratio 0.97x)"
2026-08-03T15:51:19+00:00,1,HALO,earnings,2026-08-03,2.00,vol_saturation_3q|vol_saturation_extreme|has_history|has_deep_history|insider_silent,"{""has_deep_history"": 0.5, ""has_history"": 0.5, ""insider_silent"": -0.5, ""vol_saturation_3q"": 1.0, ""vol_saturation_extreme"": 0.5}",0.7628,MISS,-0.3271,0.3271,0.43,2026-08-04T22:09:18+00:00,"MISS: scored 2.0, realized -0.33% (baseline 0.76%, ratio 0.43x)"
2026-08-03T15:51:19+00:00,1,KRYS,earnings,2026-08-03,1.50,has_history|has_deep_history|high_vol_baseline|insider_silent,"{""has_deep_history"": 0.5, ""has_history"": 0.5, ""high_vol_baseline"": 1.0, ""insider_silent"": -0.5}",9.1415,MISS,-8.3695,8.3695,0.92,2026-08-04T22:09:18+00:00,"MISS: scored 1.5, realized -8.37% (baseline 9.14%, ratio 0.92x)"
2026-08-03T15:51:19+00:00,1,ON,earnings,2026-08-03,4.50,vol_compression_3q|vol_compression_severe|has_history|has_deep_history|high_vol_baseline|insider_silent,"{""has_deep_history"": 0.5, ""has_history"": 0.5, ""high_vol_baseline"": 1.0, ""insider_silent"": -0.5, ""vol_compression_3q"": 1.5, ""vol_compression_severe"": 1.5}",8.2829,MISS,-1.4827,1.4827,0.18,2026-08-04T22:09:18+00:00,"MISS: scored 4.5, realized -1.48% (baseline 8.28%, ratio 0.18x)"
2026-08-03T15:51:19+00:00,1,PLTR,earnings,2026-08-03,0.50,has_history|has_deep_history|insider_silent,"{""has_deep_history"": 0.5, ""has_history"": 0.5, ""insider_silent"": -0.5}",1.6390,HIT,2.1047,2.1047,1.28,2026-08-04T22:09:18+00:00,"HIT: scored 0.5, realized +2.10% (baseline 1.64%, ratio 1.28x)"
2026-08-03T15:51:19+00:00,1,SMCI,earnings,2026-08-03,3.50,vol_compression_3q|vol_compression_severe|has_history|has_deep_history|insider_silent,"{""has_deep_history"": 0.5, ""has_history"": 0.5, ""insider_silent"": -0.5, ""vol_compression_3q"": 1.5, ""vol_compression_severe"": 1.5}",2.9685,MISS,0.8451,0.8451,0.28,2026-08-04T22:09:18+00:00,"MISS: scored 3.5, realized +0.85% (baseline 2.97%, ratio 0.28x)"
2026-08-03T15:51:19+00:00,1,TGTX,earnings,2026-08-03,1.50,has_history|has_deep_history|high_vol_baseline|insider_silent,"{""has_deep_history"": 0.5, ""has_history"": 0.5, ""high_vol_baseline"": 1.0, ""insider_silent"": -0.5}",15.3210,MISS,-11.2627,11.2627,0.74,2026-08-04T22:09:18+00:00,"MISS: scored 1.5, realized -11.26% (baseline 15.32%, ratio 0.74x)"
2026-08-03T15:51:19+00:00,1,UPST,earnings,2026-08-03,0.50,has_history|has_deep_history|insider_silent,"{""has_deep_history"": 0.5, ""has_history"": 0.5, ""insider_silent"": -0.5}",1.9571,HIT,7.2522,7.2522,3.71,2026-08-04T22:09:18+00:00,"HIT: scored 0.5, realized +7.25% (baseline 1.96%, ratio 3.71x)"
2026-08-03T15:51:19+00:00,1,AMD,earnings,2026-08-04,0.50,has_history|has_deep_history|insider_silent,"{""has_deep_history"": 0.5, ""has_history"": 0.5, ""insider_silent"": -0.5}",2.6047,HIT,7.0031,7.0031,2.69,2026-08-05T22:10:21+00:00,"HIT: scored 0.5, realized +7.00% (baseline 2.60%, ratio 2.69x)"
2026-08-03T15:51:19+00:00,1,AMGN,earnings,2026-08-04,1.50,vol_saturation_3q|has_history|has_deep_history|insider_silent,"{""has_deep_history"": 0.5, ""has_history"": 0.5, ""insider_silent"": -0.5, ""vol_saturation_3q"": 1.0}",0.7573,HIT,2.9430,2.9430,3.89,2026-08-05T22:10:21+00:00,"HIT: scored 1.5, realized +2.94% (baseline 0.76%, ratio 3.89x)"
2026-08-03T15:51:19+00:00,1,ANET,earnings,2026-08-04,0.50,has_history|has_deep_history|insider_silent,"{""has_deep_history"": 0.5, ""has_history"": 0.5, ""insider_silent"": -0.5}",1.7997,HIT,3.0396,3.0396,1.69,2026-08-05T22:10:21+00:00,"HIT: scored 0.5, realized +3.04% (baseline 1.80%, ratio 1.69x)"
2026-08-03T15:51:19+00:00,1,BKNG,earnings,2026-08-04,0.50,has_history|has_deep_history|insider_silent,"{""has_deep_history"": 0.5, ""has_history"": 0.5, ""insider_silent"": -0.5}",1.6184,MISS,0.8095,0.8095,0.50,2026-08-05T22:10:21+00:00,"MISS: scored 0.5, realized +0.81% (baseline 1.62%, ratio 0.50x)"
2026-08-03T15:51:19+00:00,1,BMRN,earnings,2026-08-04,0.50,has_history|has_deep_history|insider_silent,"{""has_deep_history"": 0.5, ""has_history"": 0.5, ""insider_silent"": -0.5}",1.3475,MISS,1.2000,1.2000,0.89,2026-08-05T22:10:21+00:00,"MISS: scored 0.5, realized +1.20% (baseline 1.35%, ratio 0.89x)"
2026-08-03T15:51:19+00:00,1,BNTX,earnings,2026-08-04,0.50,has_history|has_deep_history|insider_silent,"{""has_deep_history"": 0.5, ""has_history"": 0.5, ""insider_silent"": -0.5}",3.6282,MISS,-0.9756,0.9756,0.27,2026-08-05T22:10:21+00:00,"MISS: scored 0.5, realized -0.98% (baseline 3.63%, ratio 0.27x)"
2026-08-03T15:51:19+00:00,1,BROS,earnings,2026-08-04,2.00,vol_saturation_3q|vol_saturation_extreme|has_history|has_deep_history|insider_silent,"{""has_deep_history"": 0.5, ""has_history"": 0.5, ""insider_silent"": -0.5, ""vol_saturation_3q"": 1.0, ""vol_saturation_extreme"": 0.5}",0.3455,HIT,-1.3389,1.3389,3.88,2026-08-05T22:10:21+00:00,"HIT: scored 2.0, realized -1.34% (baseline 0.35%, ratio 3.88x)"
2026-08-03T15:51:19+00:00,1,CAT,earnings,2026-08-04,1.50,vol_saturation_3q|has_history|has_deep_history|insider_silent,"{""has_deep_history"": 0.5, ""has_history"": 0.5, ""insider_silent"": -0.5, ""vol_saturation_3q"": 1.0}",3.8420,HIT,5.6034,5.6034,1.46,2026-08-05T22:10:21+00:00,"HIT: scored 1.5, realized +5.60% (baseline 3.84%, ratio 1.46x)"
2026-08-03T15:51:19+00:00,1,EMR,earnings,2026-08-04,4.50,vol_compression_3q|vol_compression_severe|has_history|has_deep_history|high_vol_baseline|insider_silent,"{""has_deep_history"": 0.5, ""has_history"": 0.5, ""high_vol_baseline"": 1.0, ""insider_silent"": -0.5, ""vol_compression_3q"": 1.5, ""vol_compression_severe"": 1.5}",6.0231,MISS,2.5767,2.5767,0.43,2026-08-05T22:10:21+00:00,"MISS: scored 4.5, realized +2.58% (baseline 6.02%, ratio 0.43x)"
2026-08-03T15:51:19+00:00,1,ETN,earnings,2026-08-04,0.50,has_history|has_deep_history|insider_silent,"{""has_deep_history"": 0.5, ""has_history"": 0.5, ""insider_silent"": -0.5}",2.9013,MISS,1.4924,1.4924,0.51,2026-08-05T22:10:21+00:00,"MISS: scored 0.5, realized +1.49% (baseline 2.90%, ratio 0.51x)"
2026-08-03T15:51:19+00:00,1,EXPD,earnings,2026-08-04,1.50,vol_saturation_3q|has_history|has_deep_history|insider_silent,"{""has_deep_history"": 0.5, ""has_history"": 0.5, ""insider_silent"": -0.5, ""vol_saturation_3q"": 1.0}",4.0665,HIT,6.3837,6.3837,1.57,2026-08-05T22:10:21+00:00,"HIT: scored 1.5, realized +6.38% (baseline 4.07%, ratio 1.57x)"
2026-08-03T15:51:19+00:00,1,GWW,earnings,2026-08-04,0.50,has_history|has_deep_history|insider_silent,"{""has_deep_history"": 0.5, ""has_history"": 0.5, ""insider_silent"": -0.5}",3.4064,HIT,-5.1632,5.1632,1.52,2026-08-05T22:10:21+00:00,"HIT: scored 0.5, realized -5.16% (baseline 3.41%, ratio 1.52x)"
2026-08-03T15:51:19+00:00,1,IDXX,earnings,2026-08-04,4.50,vol_compression_3q|vol_compression_severe|has_history|has_deep_history|high_vol_baseline|insider_silent,"{""has_deep_history"": 0.5, ""has_history"": 0.5, ""high_vol_baseline"": 1.0, ""insider_silent"": -0.5, ""vol_compression_3q"": 1.5, ""vol_compression_severe"": 1.5}",6.7747,MISS,3.5661,3.5661,0.53,2026-08-05T22:10:21+00:00,"MISS: scored 4.5, realized +3.57% (baseline 6.77%, ratio 0.53x)"
2026-08-03T15:51:19+00:00,1,INCY,earnings,2026-08-04,0.50,has_history|has_deep_history|insider_silent,"{""has_deep_history"": 0.5, ""has_history"": 0.5, ""insider_silent"": -0.5}",2.0611,MISS,1.8323,1.8323,0.89,2026-08-05T22:10:21+00:00,"MISS: scored 0.5, realized +1.83% (baseline 2.06%, ratio 0.89x)"
2026-08-03T15:51:19+00:00,1,ITW,earnings,2026-08-04,1.50,vol_saturation_3q|has_history|has_deep_history|insider_silent,"{""has_deep_history"": 0.5, ""has_history"": 0.5, ""insider_silent"": -0.5, ""vol_saturation_3q"": 1.0}",1.4059,HIT,2.2774,2.2774,1.62,2026-08-05T22:10:21+00:00,"HIT: scored 1.5, realized +2.28% (baseline 1.41%, ratio 1.62x)"
2026-08-03T15:51:19+00:00,1,KMB,earnings,2026-08-04,3.50,vol_compression_3q|vol_compression_severe|has_history|has_deep_history|insider_silent,"{""has_deep_history"": 0.5, ""has_history"": 0.5, ""insider_silent"": -0.5, ""vol_compression_3q"": 1.5, ""vol_compression_severe"": 1.5}",3.7890,MISS,3.7282,3.7282,0.98,2026-08-05T22:10:21+00:00,"MISS: scored 3.5, realized +3.73% (baseline 3.79%, ratio 0.98x)"
2026-08-03T15:51:19+00:00,1,LYFT,earnings,2026-08-04,3.50,vol_compression_3q|vol_compression_severe|has_history|has_deep_history|insider_silent,"{""has_deep_history"": 0.5, ""has_history"": 0.5, ""insider_silent"": -0.5, ""vol_compression_3q"": 1.5, ""vol_compression_severe"": 1.5}",4.5879,MISS,2.1368,2.1368,0.47,2026-08-05T22:10:21+00:00,"MISS: scored 3.5, realized +2.14% (baseline 4.59%, ratio 0.47x)"
2026-08-03T15:51:19+00:00,1,MAR,earnings,2026-08-04,0.50,has_history|has_deep_history|insider_silent,"{""has_deep_history"": 0.5, ""has_history"": 0.5, ""insider_silent"": -0.5}",1.7693,MISS,-0.4700,0.4700,0.27,2026-08-05T22:10:21+00:00,"MISS: scored 0.5, realized -0.47% (baseline 1.77%, ratio 0.27x)"
2026-08-03T15:51:19+00:00,1,MCD,earnings,2026-08-04,3.50,vol_compression_3q|vol_compression_severe|has_history|has_deep_history|insider_silent,"{""has_deep_history"": 0.5, ""has_history"": 0.5, ""insider_silent"": -0.5, ""vol_compression_3q"": 1.5, ""vol_compression_severe"": 1.5}",1.7983,MISS,1.1726,1.1726,0.65,2026-08-05T22:10:21+00:00,"MISS: scored 3.5, realized +1.17% (baseline 1.80%, ratio 0.65x)"
2026-08-03T15:51:19+00:00,1,MCHP,earnings,2026-08-04,0.50,has_history|has_deep_history|insider_silent,"{""has_deep_history"": 0.5, ""has_history"": 0.5, ""insider_silent"": -0.5}",1.5186,HIT,7.2454,7.2454,4.77,2026-08-05T22:10:21+00:00,"HIT: scored 0.5, realized +7.25% (baseline 1.52%, ratio 4.77x)"
2026-08-03T15:51:19+00:00,1,MRK,earnings,2026-08-04,2.00,vol_compression_3q|has_history|has_deep_history|insider_silent,"{""has_deep_history"": 0.5, ""has_history"": 0.5, ""insider_silent"": -0.5, ""vol_compression_3q"": 1.5}",2.6618,MISS,0.1800,0.1800,0.07,2026-08-05T22:10:21+00:00,"MISS: scored 2.0, realized +0.18% (baseline 2.66%, ratio 0.07x)"
2026-08-03T15:51:19+00:00,1,NBIX,earnings,2026-08-04,3.50,vol_compression_3q|vol_compression_severe|has_history|has_deep_history|insider_silent,"{""has_deep_history"": 0.5, ""has_history"": 0.5, ""insider_silent"": -0.5, ""vol_compression_3q"": 1.5, ""vol_compression_severe"": 1.5}",3.7740,MISS,-0.1023,0.1023,0.03,2026-08-05T22:10:21+00:00,"MISS: scored 3.5, realized -0.10% (baseline 3.77%, ratio 0.03x)"
2026-08-03T15:51:19+00:00,1,PFE,earnings,2026-08-04,3.50,vol_compression_3q|vol_compression_severe|has_history|has_deep_history|insider_silent,"{""has_deep_history"": 0.5, ""has_history"": 0.5, ""insider_silent"": -0.5, ""vol_compression_3q"": 1.5, ""vol_compression_severe"": 1.5}",1.5300,MISS,1.5182,1.5182,0.99,2026-08-05T22:10:21+00:00,"MISS: scored 3.5, realized +1.52% (baseline 1.53%, ratio 0.99x)"
2026-08-03T15:51:19+00:00,1,PLNT,earnings,2026-08-04,3.00,vol_saturation_3q|vol_saturation_extreme|has_history|has_deep_history|high_vol_baseline|insider_silent,"{""has_deep_history"": 0.5, ""has_history"": 0.5, ""high_vol_baseline"": 1.0, ""insider_silent"": -0.5, ""vol_saturation_3q"": 1.0, ""vol_saturation_extreme"": 0.5}",6.0822,MISS,-0.4624,0.4624,0.08,2026-08-05T22:10:21+00:00,"MISS: scored 3.0, realized -0.46% (baseline 6.08%, ratio 0.08x)"
2026-08-03T15:51:19+00:00,1,ROK,earnings,2026-08-04,1.50,has_history|has_deep_history|high_vol_baseline|insider_silent,"{""has_deep_history"": 0.5, ""has_history"": 0.5, ""high_vol_baseline"": 1.0, ""insider_silent"": -0.5}",6.6494,HIT,-7.4327,7.4327,1.12,2026-08-05T22:10:21+00:00,"HIT: scored 1.5, realized -7.43% (baseline 6.65%, ratio 1.12x)"
2026-08-03T15:51:19+00:00,1,RYTM,earnings,2026-08-04,1.50,vol_saturation_3q|has_history|has_deep_history|insider_silent,"{""has_deep_history"": 0.5, ""has_history"": 0.5, ""insider_silent"": -0.5, ""vol_saturation_3q"": 1.0}",3.7746,MISS,2.9189,2.9189,0.77,2026-08-05T22:10:21+00:00,"MISS: scored 1.5, realized +2.92% (baseline 3.77%, ratio 0.77x)"
2026-08-03T15:51:19+00:00,1,SEDG,earnings,2026-08-04,2.00,vol_saturation_3q|vol_saturation_extreme|has_history|has_deep_history|insider_silent,"{""has_deep_history"": 0.5, ""has_history"": 0.5, ""insider_silent"": -0.5, ""vol_saturation_3q"": 1.0, ""vol_saturation_extreme"": 0.5}",1.6364,HIT,8.0674,8.0674,4.93,2026-08-05T22:10:21+00:00,"HIT: scored 2.0, realized +8.07% (baseline 1.64%, ratio 4.93x)"
2026-08-03T15:51:19+00:00,1,U,earnings,2026-08-04,2.00,vol_compression_3q|has_history|has_deep_history|insider_silent,"{""has_deep_history"": 0.5, ""has_history"": 0.5, ""insider_silent"": -0.5, ""vol_compression_3q"": 1.5}",3.1211,HIT,5.5123,5.5123,1.77,2026-08-05T22:10:21+00:00,"HIT: scored 2.0, realized +5.51% (baseline 3.12%, ratio 1.77x)"
2026-08-03T15:51:19+00:00,1,UBER,earnings,2026-08-04,1.50,has_history|has_deep_history|high_vol_baseline|insider_silent,"{""has_deep_history"": 0.5, ""has_history"": 0.5, ""high_vol_baseline"": 1.0, ""insider_silent"": -0.5}",5.7017,MISS,0.5307,0.5307,0.09,2026-08-05T22:10:21+00:00,"MISS: scored 1.5, realized +0.53% (baseline 5.70%, ratio 0.09x)"
2026-08-03T15:51:20+00:00,1,UPST,earnings,2026-08-04,0.50,has_history|has_deep_history|insider_silent,"{""has_deep_history"": 0.5, ""has_history"": 0.5, ""insider_silent"": -0.5}",1.9571,HIT,3.0241,3.0241,1.55,2026-08-05T22:10:21+00:00,"HIT: scored 0.5, realized +3.02% (baseline 1.96%, ratio 1.55x)"
2026-08-03T15:51:20+00:00,1,W,earnings,2026-08-04,1.50,has_history|has_deep_history|high_vol_baseline|insider_silent,"{""has_deep_history"": 0.5, ""has_history"": 0.5, ""high_vol_baseline"": 1.0, ""insider_silent"": -0.5}",7.1889,HIT,29.9742,29.9742,4.17,2026-08-05T22:10:21+00:00,"HIT: scored 1.5, realized +29.97% (baseline 7.19%, ratio 4.17x)"
2026-08-03T15:51:20+00:00,1,WAT,earnings,2026-08-04,2.00,vol_saturation_3q|vol_saturation_extreme|has_history|has_deep_history|insider_silent,"{""has_deep_history"": 0.5, ""has_history"": 0.5, ""insider_silent"": -0.5, ""vol_saturation_3q"": 1.0, ""vol_saturation_extreme"": 0.5}",3.0328,HIT,5.6946,5.6946,1.88,2026-08-05T22:10:21+00:00,"HIT: scored 2.0, realized +5.69% (baseline 3.03%, ratio 1.88x)"
2026-08-03T15:51:20+00:00,1,ARWR,earnings,2026-08-05,3.50,vol_compression_3q|vol_compression_severe|has_history|has_deep_history|insider_silent,"{""has_deep_history"": 0.5, ""has_history"": 0.5, ""insider_silent"": -0.5, ""vol_compression_3q"": 1.5, ""vol_compression_severe"": 1.5}",3.0270,MISS,-2.9914,2.9914,0.99,2026-08-07T01:03:33+00:00,"MISS: scored 3.5, realized -2.99% (baseline 3.03%, ratio 0.99x)"
2026-08-03T15:51:20+00:00,1,BKNG,earnings,2026-08-05,0.50,has_history|has_deep_history|insider_silent,"{""has_deep_history"": 0.5, ""has_history"": 0.5, ""insider_silent"": -0.5}",1.6184,HIT,6.5630,6.5630,4.06,2026-08-07T01:03:33+00:00,"HIT: scored 0.5, realized +6.56% (baseline 1.62%, ratio 4.06x)"
2026-08-03T15:51:20+00:00,1,CHRW,earnings,2026-08-05,2.00,vol_compression_3q|has_history|has_deep_history|insider_silent,"{""has_deep_history"": 0.5, ""has_history"": 0.5, ""insider_silent"": -0.5, ""vol_compression_3q"": 1.5}",1.5268,MISS,-0.7431,0.7431,0.49,2026-08-07T01:03:33+00:00,"MISS: scored 2.0, realized -0.74% (baseline 1.53%, ratio 0.49x)"
2026-08-03T15:51:20+00:00,1,CVS,earnings,2026-08-05,1.50,vol_saturation_3q|has_history|has_deep_history|insider_silent,"{""has_deep_history"": 0.5, ""has_history"": 0.5, ""insider_silent"": -0.5, ""vol_saturation_3q"": 1.0}",3.7169,HIT,-5.0757,5.0757,1.37,2026-08-07T01:03:33+00:00,"HIT: scored 1.5, realized -5.08% (baseline 3.72%, ratio 1.37x)"
2026-08-03T15:51:20+00:00,1,DASH,earnings,2026-08-05,0.50,has_history|has_deep_history|insider_silent,"{""has_deep_history"": 0.5, ""has_history"": 0.5, ""insider_silent"": -0.5}",1.3300,HIT,2.4213,2.4213,1.82,2026-08-07T01:03:33+00:00,"HIT: scored 0.5, realized +2.42% (baseline 1.33%, ratio 1.82x)"
2026-08-03T15:51:20+00:00,1,EDIT,earnings,2026-08-05,4.50,vol_compression_3q|vol_compression_severe|has_history|has_deep_history|high_vol_baseline|insider_silent,"{""has_deep_history"": 0.5, ""has_history"": 0.5, ""high_vol_baseline"": 1.0, ""insider_silent"": -0.5, ""vol_compression_3q"": 1.5, ""vol_compression_severe"": 1.5}",14.0897,MISS,-0.7220,0.7220,0.05,2026-08-07T01:03:33+00:00,"MISS: scored 4.5, realized -0.72% (baseline 14.09%, ratio 0.05x)"
2026-08-03T15:51:20+00:00,1,ETSY,earnings,2026-08-05,2.00,vol_saturation_3q|vol_saturation_extreme|has_history|has_deep_history|insider_silent,"{""has_deep_history"": 0.5, ""has_history"": 0.5, ""insider_silent"": -0.5, ""vol_saturation_3q"": 1.0, ""vol_saturation_extreme"": 0.5}",2.1133,MISS,-0.6595,0.6595,0.31,2026-08-07T01:03:33+00:00,"MISS: scored 2.0, realized -0.66% (baseline 2.11%, ratio 0.31x)"
2026-08-03T15:51:20+00:00,1,EXEL,earnings,2026-08-05,2.00,vol_compression_3q|has_history|has_deep_history|insider_silent,"{""has_deep_history"": 0.5, ""has_history"": 0.5, ""insider_silent"": -0.5, ""vol_compression_3q"": 1.5}",0.9290,HIT,1.2500,1.2500,1.35,2026-08-07T01:03:33+00:00,"HIT: scored 2.0, realized +1.25% (baseline 0.93%, ratio 1.35x)"
2026-08-03T15:51:20+00:00,1,FROG,earnings,2026-08-05,1.50,vol_saturation_3q|has_history|has_deep_history|insider_silent,"{""has_deep_history"": 0.5, ""has_history"": 0.5, ""insider_silent"": -0.5, ""vol_saturation_3q"": 1.0}",2.0835,MISS,-1.9717,1.9717,0.95,2026-08-07T01:03:33+00:00,"MISS: scored 1.5, realized -1.97% (baseline 2.08%, ratio 0.95x)"
2026-08-03T15:51:20+00:00,1,GEHC,earnings,2026-08-05,1.50,vol_saturation_3q|has_history|has_deep_history|insider_silent,"{""has_deep_history"": 0.5, ""has_history"": 0.5, ""insider_silent"": -0.5, ""vol_saturation_3q"": 1.0}",4.3360,MISS,-0.0285,0.0285,0.01,2026-08-07T01:03:33+00:00,"MISS: scored 1.5, realized -0.03% (baseline 4.34%, ratio 0.01x)"
2026-08-03T15:51:20+00:00,1,GILD,earnings,2026-08-05,0.50,has_history|has_deep_history|insider_silent,"{""has_deep_history"": 0.5, ""has_history"": 0.5, ""insider_silent"": -0.5}",1.0040,HIT,-2.5804,2.5804,2.57,2026-08-07T01:03:33+00:00,"HIT: scored 0.5, realized -2.58% (baseline 1.00%, ratio 2.57x)"
2026-08-03T15:51:20+00:00,1,GNRC,earnings,2026-08-05,2.00,vol_saturation_3q|vol_saturation_extreme|has_history|has_deep_history|insider_silent,"{""has_deep_history"": 0.5, ""has_history"": 0.5, ""insider_silent"": -0.5, ""vol_saturation_3q"": 1.0, ""vol_saturation_extreme"": 0.5}",3.5668,MISS,-0.5580,0.5580,0.16,2026-08-07T01:03:33+00:00,"MISS: scored 2.0, realized -0.56% (baseline 3.57%, ratio 0.16x)"
2026-08-03T15:51:20+00:00,1,GXO,earnings,2026-08-05,2.00,vol_saturation_3q|vol_saturation_extreme|has_history|has_deep_history|insider_silent,"{""has_deep_history"": 0.5, ""has_history"": 0.5, ""insider_silent"": -0.5, ""vol_saturation_3q"": 1.0, ""vol_saturation_extreme"": 0.5}",0.6932,HIT,-9.0701,9.0701,13.08,2026-08-07T01:03:33+00:00,"HIT: scored 2.0, realized -9.07% (baseline 0.69%, ratio 13.08x)"
2026-08-03T15:51:20+00:00,1,HUBS,earnings,2026-08-05,0.50,has_history|has_deep_history|insider_silent,"{""has_deep_history"": 0.5, ""has_history"": 0.5, ""insider_silent"": -0.5}",2.9786,MISS,0.5304,0.5304,0.18,2026-08-07T01:03:33+00:00,"MISS: scored 0.5, realized +0.53% (baseline 2.98%, ratio 0.18x)"
2026-08-03T15:51:20+00:00,1,INSM,earnings,2026-08-05,2.00,vol_saturation_3q|vol_saturation_extreme|has_history|has_deep_history|insider_silent,"{""has_deep_history"": 0.5, ""has_history"": 0.5, ""insider_silent"": -0.5, ""vol_saturation_3q"": 1.0, ""vol_saturation_extreme"": 0.5}",1.6035,MISS,0.2734,0.2734,0.17,2026-08-07T01:03:33+00:00,"MISS: scored 2.0, realized +0.27% (baseline 1.60%, ratio 0.17x)"
2026-08-03T15:51:20+00:00,1,JAZZ,earnings,2026-08-05,0.50,has_history|has_deep_history|insider_silent,"{""has_deep_history"": 0.5, ""has_history"": 0.5, ""insider_silent"": -0.5}",1.8674,MISS,-0.0191,0.0191,0.01,2026-08-07T01:03:33+00:00,"MISS: scored 0.5, realized -0.02% (baseline 1.87%, ratio 0.01x)"
2026-08-03T15:51:20+00:00,1,JCI,earnings,2026-08-05,4.50,vol_compression_3q|vol_compression_severe|has_history|has_deep_history|high_vol_baseline|insider_silent,"{""has_deep_history"": 0.5, ""has_history"": 0.5, ""high_vol_baseline"": 1.0, ""insider_silent"": -0.5, ""vol_compression_3q"": 1.5, ""vol_compression_severe"": 1.5}",6.5222,MISS,0.0195,0.0195,0.00,2026-08-07T01:03:33+00:00,"MISS: scored 4.5, realized +0.02% (baseline 6.52%, ratio 0.00x)"
2026-08-03T15:51:20+00:00,1,LLY,earnings,2026-08-05,1.50,has_history|has_deep_history|high_vol_baseline|insider_silent,"{""has_deep_history"": 0.5, ""has_history"": 0.5, ""high_vol_baseline"": 1.0, ""insider_silent"": -0.5}",6.1178,MISS,4.8562,4.8562,0.79,2026-08-07T01:03:33+00:00,"MISS: scored 1.5, realized +4.86% (baseline 6.12%, ratio 0.79x)"
2026-08-03T15:51:20+00:00,1,LMND,earnings,2026-08-05,3.50,vol_compression_3q|vol_compression_severe|has_history|has_deep_history|insider_silent,"{""has_deep_history"": 0.5, ""has_history"": 0.5, ""insider_silent"": -0.5, ""vol_compression_3q"": 1.5, ""vol_compression_severe"": 1.5}",3.0172,HIT,-3.7886,3.7886,1.26,2026-08-07T01:03:33+00:00,"HIT: scored 3.5, realized -3.79% (baseline 3.02%, ratio 1.26x)"
2026-08-03T15:51:20+00:00,1,LRCX,earnings,2026-08-05,1.50,vol_saturation_3q|has_history|has_deep_history|insider_silent,"{""has_deep_history"": 0.5, ""has_history"": 0.5, ""insider_silent"": -0.5, ""vol_saturation_3q"": 1.0}",1.1983,HIT,-3.2479,3.2479,2.71,2026-08-07T01:03:33+00:00,"HIT: scored 1.5, realized -3.25% (baseline 1.20%, ratio 2.71x)"
2026-08-03T15:51:20+00:00,1,MLM,earnings,2026-08-05,3.50,vol_compression_3q|vol_compression_severe|has_history|has_deep_history|insider_silent,"{""has_deep_history"": 0.5, ""has_history"": 0.5, ""insider_silent"": -0.5, ""vol_compression_3q"": 1.5, ""vol_compression_severe"": 1.5}",2.7611,MISS,-0.4408,0.4408,0.16,2026-08-07T01:03:33+00:00,"MISS: scored 3.5, realized -0.44% (baseline 2.76%, ratio 0.16x)"
2026-08-03T15:51:20+00:00,1,PODD,earnings,2026-08-05,2.00,vol_saturation_3q|vol_saturation_extreme|has_history|has_deep_history|insider_silent,"{""has_deep_history"": 0.5, ""has_history"": 0.5, ""insider_silent"": -0.5, ""vol_saturation_3q"": 1.0, ""vol_saturation_extreme"": 0.5}",2.3946,HIT,-20.1175,20.1175,8.40,2026-08-07T01:03:33+00:00,"HIT: scored 2.0, realized -20.12% (baseline 2.39%, ratio 8.40x)"
2026-08-03T15:51:20+00:00,1,PTON,earnings,2026-08-05,3.00,vol_compression_3q|has_history|has_deep_history|high_vol_baseline|insider_silent,"{""has_deep_history"": 0.5, ""has_history"": 0.5, ""high_vol_baseline"": 1.0, ""insider_silent"": -0.5, ""vol_compression_3q"": 1.5}",13.1833,MISS,-1.3616,1.3616,0.10,2026-08-07T01:03:33+00:00,"MISS: scored 3.0, realized -1.36% (baseline 13.18%, ratio 0.10x)"
2026-08-03T15:51:20+00:00,1,SHOP,earnings,2026-08-05,1.50,has_history|has_deep_history|high_vol_baseline|insider_silent,"{""has_deep_history"": 0.5, ""has_history"": 0.5, ""high_vol_baseline"": 1.0, ""insider_silent"": -0.5}",15.6162,HIT,16.9830,16.9830,1.09,2026-08-07T01:03:33+00:00,"HIT: scored 1.5, realized +16.98% (baseline 15.62%, ratio 1.09x)"
2026-08-03T15:51:20+00:00,1,SRPT,earnings,2026-08-05,1.50,vol_saturation_3q|has_history|has_deep_history|insider_silent,"{""has_deep_history"": 0.5, ""has_history"": 0.5, ""insider_silent"": -0.5, ""vol_saturation_3q"": 1.0}",2.6076,HIT,-2.8066,2.8066,1.08,2026-08-07T01:03:33+00:00,"HIT: scored 1.5, realized -2.81% (baseline 2.61%, ratio 1.08x)"
2026-08-03T15:51:20+00:00,1,SWKS,earnings,2026-08-05,2.00,vol_saturation_3q|vol_saturation_extreme|has_history|has_deep_history|insider_silent,"{""has_deep_history"": 0.5, ""has_history"": 0.5, ""insider_silent"": -0.5, ""vol_saturation_3q"": 1.0, ""vol_saturation_extreme"": 0.5}",1.1229,MISS,0.2994,0.2994,0.27,2026-08-07T01:03:33+00:00,"MISS: scored 2.0, realized +0.30% (baseline 1.12%, ratio 0.27x)"
2026-08-03T15:51:20+00:00,1,TT,earnings,2026-08-05,2.00,vol_compression_3q|has_history|has_deep_history|insider_silent,"{""has_deep_history"": 0.5, ""has_history"": 0.5, ""insider_silent"": -0.5, ""vol_compression_3q"": 1.5}",4.6680,MISS,2.4013,2.4013,0.51,2026-08-07T01:03:33+00:00,"MISS: scored 2.0, realized +2.40% (baseline 4.67%, ratio 0.51x)"
2026-08-03T15:51:20+00:00,1,U,earnings,2026-08-05,2.00,vol_compression_3q|has_history|has_deep_history|insider_silent,"{""has_deep_history"": 0.5, ""has_history"": 0.5, ""insider_silent"": -0.5, ""vol_compression_3q"": 1.5}",3.1211,MISS,0.7098,0.7098,0.23,2026-08-07T01:03:33+00:00,"MISS: scored 2.0, realized +0.71% (baseline 3.12%, ratio 0.23x)"
2026-08-03T15:51:20+00:00,1,WDC,earnings,2026-08-05,1.50,vol_saturation_3q|has_history|has_deep_history|insider_silent,"{""has_deep_history"": 0.5, ""has_history"": 0.5, ""insider_silent"": -0.5, ""vol_saturation_3q"": 1.0}",2.6121,HIT,-5.3577,5.3577,2.05,2026-08-07T01:03:33+00:00,"HIT: scored 1.5, realized -5.36% (baseline 2.61%, ratio 2.05x)"
2026-08-03T15:51:20+00:00,1,ARWR,earnings,2026-08-06,3.50,vol_compression_3q|vol_compression_severe|has_history|has_deep_history|insider_silent,"{""has_deep_history"": 0.5, ""has_history"": 0.5, ""insider_silent"": -0.5, ""vol_compression_3q"": 1.5, ""vol_compression_severe"": 1.5}",3.0270,MISS,-1.2427,1.2427,0.41,2026-08-07T01:03:33+00:00,"MISS: scored 3.5, realized -1.24% (baseline 3.03%, ratio 0.41x)"
2026-08-03T15:51:20+00:00,1,BDX,earnings,2026-08-06,1.50,vol_saturation_3q|has_history|has_deep_history|insider_silent,"{""has_deep_history"": 0.5, ""has_history"": 0.5, ""insider_silent"": -0.5, ""vol_saturation_3q"": 1.0}",2.4658,HIT,3.7560,3.7560,1.52,2026-08-07T01:03:33+00:00,"HIT: scored 1.5, realized +3.76% (baseline 2.47%, ratio 1.52x)"
2026-08-03T15:51:20+00:00,1,DDOG,earnings,2026-08-06,3.00,vol_saturation_3q|vol_saturation_extreme|has_history|has_deep_history|high_vol_baseline|insider_silent,"{""has_deep_history"": 0.5, ""has_history"": 0.5, ""high_vol_baseline"": 1.0, ""insider_silent"": -0.5, ""vol_saturation_3q"": 1.0, ""vol_saturation_extreme"": 0.5}",6.9051,HIT,-19.0274,19.0274,2.76,2026-08-07T01:03:33+00:00,"HIT: scored 3.0, realized -19.03% (baseline 6.91%, ratio 2.76x)"
2026-08-03T15:51:20+00:00,1,NET,earnings,2026-08-06,0.50,has_history|has_deep_history|insider_silent,"{""has_deep_history"": 0.5, ""has_history"": 0.5, ""insider_silent"": -0.5}",2.5513,HIT,-2.9117,2.9117,1.14,2026-08-07T01:03:33+00:00,"HIT: scored 0.5, realized -2.91% (baseline 2.55%, ratio 1.14x)"
2026-08-03T15:51:20+00:00,1,PH,earnings,2026-08-06,0.50,has_history|has_deep_history|insider_silent,"{""has_deep_history"": 0.5, ""has_history"": 0.5, ""insider_silent"": -0.5}",4.3762,HIT,7.3127,7.3127,1.67,2026-08-07T01:03:33+00:00,"HIT: scored 0.5, realized +7.31% (baseline 4.38%, ratio 1.67x)"
2026-08-03T15:51:20+00:00,1,RSG,earnings,2026-08-06,1.50,vol_saturation_3q|has_history|has_deep_history|insider_silent,"{""has_deep_history"": 0.5, ""has_history"": 0.5, ""insider_silent"": -0.5, ""vol_saturation_3q"": 1.0}",0.3797,HIT,1.2414,1.2414,3.27,2026-08-07T01:03:33+00:00,"HIT: scored 1.5, realized +1.24% (baseline 0.38%, ratio 3.27x)"
2026-08-03T15:51:20+00:00,1,U,earnings,2026-08-06,2.00,vol_compression_3q|has_history|has_deep_history|insider_silent,"{""has_deep_history"": 0.5, ""has_history"": 0.5, ""insider_silent"": -0.5, ""vol_compression_3q"": 1.5}",3.1211,HIT,15.0550,15.0550,4.82,2026-08-07T01:03:33+00:00,"HIT: scored 2.0, realized +15.05% (baseline 3.12%, ratio 4.82x)"
2026-08-03T15:51:20+00:00,1,ZTS,earnings,2026-08-06,3.00,vol_saturation_3q|vol_saturation_extreme|has_history|has_deep_history|high_vol_baseline|insider_silent,"{""has_deep_history"": 0.5, ""has_history"": 0.5, ""high_vol_baseline"": 1.0, ""insider_silent"": -0.5, ""vol_saturation_3q"": 1.0, ""vol_saturation_extreme"": 0.5}",5.3448,MISS,3.8715,3.8715,0.72,2026-08-07T01:03:33+00:00,"MISS: scored 3.0, realized +3.87% (baseline 5.34%, ratio 0.72x)"
2026-08-03T15:51:20+00:00,1,DBX,earnings,2026-08-07,1.50,vol_saturation_3q|has_history|has_deep_history|insider_silent,"{""has_deep_history"": 0.5, ""has_history"": 0.5, ""insider_silent"": -0.5, ""vol_saturation_3q"": 1.0}",0.5865,PENDING,,,,,
2026-08-03T15:51:20+00:00,1,CAVA,earnings,2026-08-10,0.50,has_history|has_deep_history|insider_silent,"{""has_deep_history"": 0.5, ""has_history"": 0.5, ""insider_silent"": -0.5}",1.1924,PENDING,,,,,
2026-08-03T15:51:20+00:00,1,CRSP,earnings,2026-08-10,0.50,has_history|has_deep_history|insider_silent,"{""has_deep_history"": 0.5, ""has_history"": 0.5, ""insider_silent"": -0.5}",3.4354,PENDING,,,,,
2026-08-03T15:51:20+00:00,1,EDIT,earnings,2026-08-10,4.50,vol_compression_3q|vol_compression_severe|has_history|has_deep_history|high_vol_baseline|insider_silent,"{""has_deep_history"": 0.5, ""has_history"": 0.5, ""high_vol_baseline"": 1.0, ""insider_silent"": -0.5, ""vol_compression_3q"": 1.5, ""vol_compression_severe"": 1.5}",14.0897,PENDING,,,,,
2026-08-03T15:51:20+00:00,1,KRYS,earnings,2026-08-10,1.50,has_history|has_deep_history|high_vol_baseline|insider_silent,"{""has_deep_history"": 0.5, ""has_history"": 0.5, ""high_vol_baseline"": 1.0, ""insider_silent"": -0.5}",9.1415,PENDING,,,,,
2026-08-03T15:51:20+00:00,1,PLBY,earnings,2026-08-10,0.50,has_history|has_deep_history|insider_silent,"{""has_deep_history"": 0.5, ""has_history"": 0.5, ""insider_silent"": -0.5}",4.7122,PENDING,,,,,
2026-08-03T15:51:20+00:00,1,PLTR,earnings,2026-08-10,0.50,has_history|has_deep_history|insider_silent,"{""has_deep_history"": 0.5, ""has_history"": 0.5, ""insider_silent"": -0.5}",1.6390,PENDING,,,,,
2026-08-03T15:51:20+00:00,1,TGTX,earnings,2026-08-10,1.50,has_history|has_deep_history|high_vol_baseline|insider_silent,"{""has_deep_history"": 0.5, ""has_history"": 0.5, ""high_vol_baseline"": 1.0, ""insider_silent"": -0.5}",15.3210,PENDING,,,,,
2026-08-03T15:51:20+00:00,1,BEAM,earnings,2026-08-11,0.50,has_history|has_deep_history|insider_silent,"{""has_deep_history"": 0.5, ""has_history"": 0.5, ""insider_silent"": -0.5}",2.9327,PENDING,,,,,
2026-08-03T15:51:20+00:00,1,CSCO,earnings,2026-08-11,3.50,vol_compression_3q|vol_compression_severe|has_history|has_deep_history|insider_silent,"{""has_deep_history"": 0.5, ""has_history"": 0.5, ""insider_silent"": -0.5, ""vol_compression_3q"": 1.5, ""vol_compression_severe"": 1.5}",0.7969,PENDING,,,,,
2026-08-03T15:51:20+00:00,1,EMR,earnings,2026-08-11,4.50,vol_compression_3q|vol_compression_severe|has_history|has_deep_history|high_vol_baseline|insider_silent,"{""has_deep_history"": 0.5, ""has_history"": 0.5, ""high_vol_baseline"": 1.0, ""insider_silent"": -0.5, ""vol_compression_3q"": 1.5, ""vol_compression_severe"": 1.5}",6.0231,PENDING,,,,,
2026-08-03T15:51:20+00:00,1,HALO,earnings,2026-08-11,2.00,vol_saturation_3q|vol_saturation_extreme|has_history|has_deep_history|insider_silent,"{""has_deep_history"": 0.5, ""has_history"": 0.5, ""insider_silent"": -0.5, ""vol_saturation_3q"": 1.0, ""vol_saturation_extreme"": 0.5}",0.7628,PENDING,,,,,
2026-08-03T15:51:20+00:00,1,PLNT,earnings,2026-08-11,3.00,vol_saturation_3q|vol_saturation_extreme|has_history|has_deep_history|high_vol_baseline|insider_silent,"{""has_deep_history"": 0.5, ""has_history"": 0.5, ""high_vol_baseline"": 1.0, ""insider_silent"": -0.5, ""vol_saturation_3q"": 1.0, ""vol_saturation_extreme"": 0.5}",6.0822,PENDING,,,,,
2026-08-03T15:51:20+00:00,1,SMCI,earnings,2026-08-11,3.50,vol_compression_3q|vol_compression_severe|has_history|has_deep_history|insider_silent,"{""has_deep_history"": 0.5, ""has_history"": 0.5, ""insider_silent"": -0.5, ""vol_compression_3q"": 1.5, ""vol_compression_severe"": 1.5}",2.9685,PENDING,,,,,
2026-08-03T15:51:20+00:00,1,BIRK,earnings,2026-08-12,1.50,has_history|has_deep_history|high_vol_baseline|insider_silent,"{""has_deep_history"": 0.5, ""has_history"": 0.5, ""high_vol_baseline"": 1.0, ""insider_silent"": -0.5}",5.0523,PENDING,,,,,
2026-08-03T15:51:20+00:00,1,BROS,earnings,2026-08-12,2.00,vol_saturation_3q|vol_saturation_extreme|has_history|has_deep_history|insider_silent,"{""has_deep_history"": 0.5, ""has_history"": 0.5, ""insider_silent"": -0.5, ""vol_saturation_3q"": 1.0, ""vol_saturation_extreme"": 0.5}",0.3455,PENDING,,,,,
2026-08-03T15:51:21+00:00,1,DE,earnings,2026-08-12,3.50,vol_compression_3q|vol_compression_severe|has_history|has_deep_history|insider_silent,"{""has_deep_history"": 0.5, ""has_history"": 0.5, ""insider_silent"": -0.5, ""vol_compression_3q"": 1.5, ""vol_compression_severe"": 1.5}",4.9628,PENDING,,,,,
2026-08-03T15:51:21+00:00,1,DOCN,earnings,2026-08-12,3.00,vol_saturation_3q|vol_saturation_extreme|has_history|has_deep_history|high_vol_baseline|insider_silent,"{""has_deep_history"": 0.5, ""has_history"": 0.5, ""high_vol_baseline"": 1.0, ""insider_silent"": -0.5, ""vol_saturation_3q"": 1.0, ""vol_saturation_extreme"": 0.5}",8.4803,PENDING,,,,,
2026-08-03T15:51:21+00:00,1,LYFT,earnings,2026-08-12,3.50,vol_compression_3q|vol_compression_severe|has_history|has_deep_history|insider_silent,"{""has_deep_history"": 0.5, ""has_history"": 0.5, ""insider_silent"": -0.5, ""vol_compression_3q"": 1.5, ""vol_compression_severe"": 1.5}",4.5879,PENDING,,,,,
2026-08-03T15:51:21+00:00,1,AMAT,earnings,2026-08-13,1.50,vol_saturation_3q|has_history|has_deep_history|insider_silent,"{""has_deep_history"": 0.5, ""has_history"": 0.5, ""insider_silent"": -0.5, ""vol_saturation_3q"": 1.0}",1.2478,PENDING,,,,,
2026-08-03T15:51:21+00:00,1,BIRK,earnings,2026-08-13,1.50,has_history|has_deep_history|high_vol_baseline|insider_silent,"{""has_deep_history"": 0.5, ""has_history"": 0.5, ""high_vol_baseline"": 1.0, ""insider_silent"": -0.5}",5.0523,PENDING,,,,,
2026-08-04T15:29:13+00:00,1,CAVA,earnings,2026-08-11,0.50,has_history|has_deep_history|insider_silent,"{""has_deep_history"": 0.5, ""has_history"": 0.5, ""insider_silent"": -0.5}",1.1924,PENDING,,,,,
2026-08-04T15:29:13+00:00,1,HD,earnings,2026-08-18,2.00,vol_compression_3q|has_history|has_deep_history|insider_silent,"{""has_deep_history"": 0.5, ""has_history"": 0.5, ""insider_silent"": -0.5, ""vol_compression_3q"": 1.5}",1.0546,PENDING,,,,,
2026-08-05T15:21:26+00:00,1,ADI,earnings,2026-08-19,3.50,vol_compression_3q|vol_compression_severe|has_history|has_deep_history|insider_silent,"{""has_deep_history"": 0.5, ""has_history"": 0.5, ""insider_silent"": -0.5, ""vol_compression_3q"": 1.5, ""vol_compression_severe"": 1.5}",3.1027,PENDING,,,,,
2026-08-05T15:21:26+00:00,1,CSCO,earnings,2026-08-19,3.50,vol_compression_3q|vol_compression_severe|has_history|has_deep_history|insider_silent,"{""has_deep_history"": 0.5, ""has_history"": 0.5, ""insider_silent"": -0.5, ""vol_compression_3q"": 1.5, ""vol_compression_severe"": 1.5}",0.7969,PENDING,,,,,
2026-08-05T15:21:26+00:00,1,LOW,earnings,2026-08-19,3.50,vol_compression_3q|vol_compression_severe|has_history|has_deep_history|insider_silent,"{""has_deep_history"": 0.5, ""has_history"": 0.5, ""insider_silent"": -0.5, ""vol_compression_3q"": 1.5, ""vol_compression_severe"": 1.5}",1.8201,PENDING,,,,,
2026-08-05T15:21:26+00:00,1,ROST,earnings,2026-08-19,1.50,vol_saturation_3q|has_history|has_deep_history|insider_silent,"{""has_deep_history"": 0.5, ""has_history"": 0.5, ""insider_silent"": -0.5, ""vol_saturation_3q"": 1.0}",0.5704,PENDING,,,,,
2026-08-05T15:21:26+00:00,1,TGT,earnings,2026-08-19,4.50,vol_compression_3q|vol_compression_severe|has_history|has_deep_history|high_vol_baseline|insider_silent,"{""has_deep_history"": 0.5, ""has_history"": 0.5, ""high_vol_baseline"": 1.0, ""insider_silent"": -0.5, ""vol_compression_3q"": 1.5, ""vol_compression_severe"": 1.5}",7.3863,PENDING,,,,,
2026-08-05T15:21:26+00:00,1,TJX,earnings,2026-08-19,3.50,vol_compression_3q|vol_compression_severe|has_history|has_deep_history|insider_silent,"{""has_deep_history"": 0.5, ""has_history"": 0.5, ""insider_silent"": -0.5, ""vol_compression_3q"": 1.5, ""vol_compression_severe"": 1.5}",3.1046,PENDING,,,,,
2026-08-06T15:21:00+00:00,1,AFRM,earnings,2026-08-20,0.50,has_history|has_deep_history|insider_silent,"{""has_deep_history"": 0.5, ""has_history"": 0.5, ""insider_silent"": -0.5}",3.8425,PENDING,,,,,
2026-08-06T15:21:00+00:00,1,DE,earnings,2026-08-20,3.50,vol_compression_3q|vol_compression_severe|has_history|has_deep_history|insider_silent,"{""has_deep_history"": 0.5, ""has_history"": 0.5, ""insider_silent"": -0.5, ""vol_compression_3q"": 1.5, ""vol_compression_severe"": 1.5}",4.9628,PENDING,,,,,
2026-08-06T15:21:00+00:00,1,MRVL,earnings,2026-08-20,1.50,vol_saturation_3q|has_history|has_deep_history|insider_silent,"{""has_deep_history"": 0.5, ""has_history"": 0.5, ""insider_silent"": -0.5, ""vol_saturation_3q"": 1.0}",1.7287,PENDING,,,,,
2026-08-06T15:21:00+00:00,1,WDAY,earnings,2026-08-20,0.50,has_history|has_deep_history|insider_silent,"{""has_deep_history"": 0.5, ""has_history"": 0.5, ""insider_silent"": -0.5}",0.9873,PENDING,,,,,
2026-08-06T15:21:00+00:00,1,WMT,earnings,2026-08-20,4.50,vol_compression_3q|vol_compression_severe|has_history|has_deep_history|high_vol_baseline|insider_silent,"{""has_deep_history"": 0.5, ""has_history"": 0.5, ""high_vol_baseline"": 1.0, ""insider_silent"": -0.5, ""vol_compression_3q"": 1.5, ""vol_compression_severe"": 1.5}",6.5559,PENDING,,,,,
2026-08-07T14:18:13+00:00,1,CSCO,earnings,2026-08-12,3.50,vol_compression_3q|vol_compression_severe|has_history|has_deep_history|insider_silent,"{""has_deep_history"": 0.5, ""has_history"": 0.5, ""insider_silent"": -0.5, ""vol_compression_3q"": 1.5, ""vol_compression_severe"": 1.5}",0.7969,PENDING,,,,,
2026-08-10T14:24:40+00:00,1,ESTC,earnings,2026-08-17,1.50,vol_saturation_3q|has_history|has_deep_history|insider_silent,"{""has_deep_history"": 0.5, ""has_history"": 0.5, ""insider_silent"": -0.5, ""vol_saturation_3q"": 1.0}",2.0036,PENDING,,,,,
2026-08-10T14:24:40+00:00,1,PANW,earnings,2026-08-24,0.50,has_history|has_deep_history|insider_silent,"{""has_deep_history"": 0.5, ""has_history"": 0.5, ""insider_silent"": -0.5}",1.5536,PENDING,,,,,
